"Nom","Circonscription","Groupe","Nb mois","Commissions Présences","Commissions Interventions Total","Commissions Interventions en tant que Président","Commissions Mots prononcés","Hémicycle Interventions Total","Hémicycle Interventions longues","Hémicycle Interventions en tant que Président","Hémicycle Mots prononcés","Hémicycle Nb de séances interventions longues","Hémicycle Questions orales","Amendements Signés","Amendements Adoptés","Propositions Auteur","Propositions Cosignataire","Rapports","Questions écrites","Début Mandat","Fin Mandat","Profession","mandat discontinu ?"
"Jean-Pierre Abelin","Vienne 4","NC",43,43,7,0,1620,39,34,0,8352,18,16,67,13,1,35,4,112,20/06/07,31/01/11,"Directeur-adjoint de service à la Banque de France",
"Élie Aboud","Hérault 6","UMP",43,141,66,0,6849,76,33,0,7910,18,8,84,23,4,101,0,323,04/07/07,31/01/11,"Médecin cardiologue (Chef de service)",
"Bernard Accoyer","Haute-Savoie 1","UMP",43,27,215,215,28849,16239,4021,16232,334063,294,0,2,2,5,0,1,12,20/06/07,31/01/11,"Médecin ORL",
"Patricia Adam","Finistère 2","SRC",43,82,89,0,12341,204,115,0,29891,30,5,818,26,0,43,1,151,20/06/07,31/01/11,"Cadre d'action sociale",
"Manuel Aeschlimann","Hauts-de-Seine 2","UMP",43,65,15,0,9074,34,31,0,12442,17,5,16,6,1,47,5,29,20/06/07,31/01/11,"Maître de conférences à l'IEP-Paris",
"Yves Albarello","Seine-et-Marne 7","UMP",43,173,228,0,17744,471,215,0,27793,39,9,193,59,0,100,5,0,20/06/07,31/01/11,"Directeur administratif et financier",
"Michèle Alliot-Marie","Pyrénées-Atlantiques 6","UMP",1,0,0,0,0,0,0,0,0,0,0,0,0,0,0,0,0,20/06/07,19/07/07,"Universitaire",
"Alfred Almont","Martinique 2","UMP",43,74,109,0,20386,45,37,0,20669,17,4,81,32,0,86,6,20,20/06/07,31/01/11,"Chargé de mission à la Chambre de Commerce et d'Industrie de la Martinique",
"Abdoulatifou Aly","Mayotte 1","NI",43,58,17,0,2001,114,102,0,22454,30,4,53,8,1,26,0,48,20/06/07,31/01/11,"Avocat",
"Nicole Ameline","Calvados 4","UMP",43,123,104,0,25417,115,88,0,26403,35,9,107,19,1,65,6,13,20/06/07,31/01/11,"Directeur territorial",
"Marie-Hélène Amiable","Hauts-de-Seine 11","GDR",43,54,81,0,16832,222,152,0,47355,43,14,3178,109,3,95,0,40,20/06/07,31/01/11,"Enseignante",
"Jean-Paul Anciaux","Saône-et-Loire 3","UMP",43,126,62,2,9535,232,62,0,14510,24,7,45,28,1,44,2,60,20/06/07,31/01/11,"Technicien qualiticien",
"Sylvie Andrieux","Bouches-du-Rhône 7","SRC",43,55,0,0,0,57,53,0,14547,16,7,1292,66,0,28,0,128,20/06/07,31/01/11,"Cadre commercial d'entreprise de manutention et d'acconage",
"Edwige Antier","Paris 4","UMP",18,92,105,0,10685,74,64,0,6986,11,1,38,9,2,21,0,2,23/07/09,31/01/11,"Pédiatre",
"Benoist Apparu","Marne 4","UMP",25,125,110,17,16120,1351,364,0,45140,55,6,170,113,4,39,5,69,20/06/07,23/07/09,,
"François Asensi","Seine-Saint-Denis 11","GDR",43,48,27,0,4724,115,100,0,44761,33,11,2946,87,1,97,0,87,20/06/07,31/01/11,"Dessinateur industriel",
"Jean Auclair","Creuse 2","UMP",43,49,20,0,2429,119,36,0,8296,14,7,43,5,2,102,0,24,20/06/07,31/01/11,"Agriculteur",
"Martine Aurillac","Paris 3","UMP",43,277,131,47,16898,63,45,0,13210,27,9,74,27,1,114,4,202,20/06/07,31/01/11,"Attachée d'administration centrale ",
"Jean-Marc Ayrault","Loire-Atlantique 3","SRC",43,28,14,0,6536,1754,1373,0,177863,164,39,866,16,7,65,24,35,20/06/07,31/01/11,"Professeur d'allemand",
"Roselyne Bachelot-Narquin","Maine-et-Loire 1","UMP",1,0,0,0,0,0,0,0,0,0,0,0,0,0,0,0,0,20/06/07,19/07/07,"Docteure en pharmacie",
"Jean-Paul Bacquet","Puy-de-Dôme 4","SRC",43,137,82,5,17486,582,136,0,29121,31,15,1015,58,0,40,7,207,20/06/07,31/01/11,"Médecin ",
"Dominique Baert","Nord 8","SRC",43,219,175,13,31403,681,148,0,45377,49,8,1601,62,0,33,5,104,20/06/07,31/01/11,"Directeur à la Banque de France",
"Pierre-Christophe Baguet","Hauts-de-Seine 9","UMP",43,59,27,0,4965,27,18,0,3210,6,3,36,6,1,42,0,44,20/06/07,31/01/11,"Conseiller en communication",
"Patrick Balkany","Hauts-de-Seine 5","UMP",43,21,14,0,3926,80,22,0,4184,5,0,71,11,4,84,2,197,20/06/07,31/01/11,"Directeur de société",
"Jean-Pierre Balligand","Aisne 3","SRC",43,160,112,0,22002,1944,650,1359,97551,64,10,1461,79,0,30,2,157,20/06/07,31/01/11,"Assistant parlementaire",
"Gérard Bapt","Haute-Garonne 2","SRC",43,286,273,4,32700,1226,579,0,127316,128,11,2092,120,0,37,5,61,20/06/07,31/01/11,"Médecin cardiologue",
"Jean Bardet","Val-d'Oise 3","UMP",43,83,61,0,8575,55,30,0,4291,10,4,41,11,0,44,1,58,20/06/07,31/01/11,"Professeur de médecine",
"Brigitte Barèges","Tarn-et-Garonne 1","UMP",43,60,42,0,4630,122,69,0,12496,16,3,118,15,0,106,0,29,20/06/07,31/01/11,"Avocat",
"François Baroin","Aube 3","UMP",34,40,89,56,7908,19,17,0,6039,3,0,8,3,2,6,1,65,20/06/07,23/04/10,"Avocat à la Cour",
"Claude Bartolone","Seine-Saint-Denis 6","SRC",43,71,94,0,11118,204,129,0,35648,26,3,1109,63,0,38,2,150,20/06/07,31/01/11,"Cadre de l'industrie pharmaceutique",
"Jacques Bascou","Aude 2","SRC",43,128,22,0,7961,10,9,0,3532,5,4,615,37,2,31,2,263,20/06/07,31/01/11,"Cadre territorial",
"Sylvia Bassot","Orne 3","UMP",43,2,29,29,2569,25,0,0,164,0,0,17,6,0,31,0,17,20/06/07,31/01/11,,
"Christian Bataille","Nord 22","SRC",43,177,75,0,24063,317,90,0,25308,25,13,501,9,0,33,6,64,20/06/07,31/01/11,"Professeur de lettres",
"Delphine Batho","Deux-Sèvres 2","SRC",43,110,222,0,35431,1398,844,0,135306,85,8,1950,79,2,32,3,258,20/06/07,31/01/11,"Cadre territorial",
"Marie-Noëlle Battistel","Isère 4","SRC",8,35,0,0,0,3,3,0,545,2,0,31,3,0,1,0,5,07/06/10,31/01/11,,
"François Bayrou","Pyrénées-Atlantiques 2","NI",43,62,104,0,8540,272,182,0,26587,20,0,51,0,0,0,0,1,20/06/07,31/01/11,"Professeur agrégé de lettres",
"Patrick Beaudouin","Val-de-Marne 6","UMP",43,120,147,0,25949,193,132,0,39220,33,8,185,35,1,225,7,142,20/06/07,31/01/11,"Consultant en communication et relations publiques",
"Jean-Claude Beaulieu","Charente-Maritime 4","UMP",41,98,12,0,1731,4,1,0,200,1,1,39,6,0,127,0,14,20/07/07,14/12/10,"Chirurgien des hôpitaux",
"Pierre Bédier","Yvelines 8","UMP",22,12,24,14,7944,0,0,0,0,0,0,2,0,0,0,0,0,20/06/07,14/04/09,"Chef d'entreprise",
"Huguette Bello","Réunion 2","GDR",43,6,9,0,908,235,156,0,54160,64,32,744,34,3,13,0,51,20/06/07,31/01/11,"Directrice d'école maternelle",
"Jacques Alain Bénisti","Val-de-Marne 4","UMP",43,149,183,3,21480,577,209,0,38523,46,12,137,26,2,266,6,52,20/06/07,31/01/11,"Cadre d'entreprise",
"Thierry Benoit","Ille-et-Vilaine 6","NC",43,110,68,0,9367,503,204,0,46467,67,16,162,13,2,30,0,58,20/06/07,31/01/11,"Représentant de commerce",
"Eric Berdoati","Hauts-de-Seine 7","UMP",2,5,0,0,0,2,0,0,20,0,0,0,0,0,0,0,0,15/12/10,31/01/11,"Gérant d'une SARL",
"Jean-Louis Bernard","Loiret 3","UMP",43,129,82,0,13188,35,6,0,2596,3,0,46,11,0,96,4,6,20/06/07,31/01/11,"Chirurgien retraité",
"Marc Bernier","Mayenne 2","UMP",43,135,90,0,16031,114,62,0,13534,22,4,408,92,2,188,3,71,20/06/07,31/01/11,"Chirurgien-dentiste",
"Chantal Berthelot","Guyane 2","SRC",43,47,35,0,4530,146,91,0,29332,41,10,1438,112,0,20,0,19,20/06/07,31/01/11,"Agricultrice",
"Xavier Bertrand","Aisne 2","UMP",23,42,11,0,916,69,55,0,5977,8,2,29,3,0,14,0,53,"20/06/07","14/12/10","Agent d'assurance","mandat discontinu"
"Véronique Besse","Vendée 4","NI",43,50,2,0,168,44,41,0,14138,15,3,224,26,2,39,0,151,20/06/07,31/01/11,,
"Jean-Yves Besselat","Seine-Maritime 7","UMP",43,26,12,0,7305,152,67,0,11866,6,1,4,1,0,7,6,51,20/06/07,31/01/11,,
"Gabriel Biancheri","Drôme 4","UMP",42,65,4,0,757,32,1,0,354,1,1,74,7,0,153,0,134,20/06/07,29/12/10,"Vétérinaire",
"Jean-Louis Bianco","Alpes-de-Haute-Provence 1","SRC",43,61,22,3,4376,77,30,0,4897,8,6,308,4,0,16,0,87,20/06/07,31/01/11,"Conseiller d'Etat",
"Gisèle Biémouret","Gers 2","SRC",43,67,10,0,757,69,62,0,11319,24,6,1072,100,0,36,0,250,20/06/07,31/01/11,"Assistante parlementaire",
"Jérôme Bignon","Somme 3","UMP",43,97,166,49,32170,204,108,0,19589,15,4,203,117,1,68,4,49,20/06/07,31/01/11,"Avocat au Barreau de Paris",
"Martine Billard","Paris 1","GDR",43,141,438,0,50635,3096,1888,0,401350,207,22,3343,118,10,42,3,38,20/06/07,31/01/11,"Bibliothécaire",
"Jean-Marie Binetruy","Doubs 5","UMP",43,219,54,0,10027,123,90,0,12774,23,6,217,63,0,147,4,98,20/06/07,31/01/11,"Enseignant",
"Claude Birraux","Haute-Savoie 4","UMP",43,171,293,77,60990,51,46,0,12789,19,8,101,13,1,105,17,184,20/06/07,31/01/11,"Ingénieur",
"Christian Blanc","Yvelines 3","NC",6,4,0,0,0,0,0,0,0,0,0,0,0,0,0,0,5,05/08/10,31/01/11,"Ancien président de sociétés publiques et privées, ancien préfet",
"Étienne Blanc","Ain 3","UMP",43,190,407,0,48484,468,320,0,55893,41,5,157,110,3,107,14,49,20/06/07,31/01/11,"Avocat",
"Émile Blessig","Bas-Rhin 7","UMP",43,107,123,0,20144,111,83,0,20670,26,1,186,48,0,134,9,61,20/06/07,31/01/11,"Avocat",
"Serge Blisko","Paris 10","SRC",43,127,93,0,19918,557,303,0,78363,65,7,1702,52,0,32,2,6,20/06/07,31/01/11,"Médecin",
"Patrick Bloche","Paris 7","SRC",43,146,340,0,46447,2451,1431,0,268334,117,13,1173,66,0,35,7,17,20/06/07,31/01/11,"Directeur commercial",
"Roland Blum","Bouches-du-Rhône 1","UMP",43,78,47,0,20876,30,20,0,7076,6,1,49,5,4,101,7,48,20/06/07,31/01/11,"Avocat",
"Alain Bocquet","Nord 20","GDR",43,24,2,0,409,228,109,0,23170,25,12,2960,85,16,78,0,496,20/06/07,31/01/11,"Éducateur spécialisé",
"Claude Bodin","Val-d'Oise 4","UMP",43,163,76,0,11208,274,166,0,34976,60,10,332,64,6,139,3,52,20/06/07,31/01/11,"Attaché d'administration hospitalière",
"Philippe Boënnec","Loire-Atlantique 9","UMP",43,147,104,0,13953,312,144,0,21552,33,6,177,32,0,125,2,59,20/06/07,31/01/11,"Médecin",
"Daniel Boisserie","Haute-Vienne 2","SRC",43,66,25,0,2575,115,62,0,12542,23,6,777,40,0,39,0,386,20/06/07,31/01/11,"Architecte",
"Marcel Bonnot","Doubs 3","UMP",43,76,2,0,218,18,14,0,3809,7,4,64,7,0,76,0,171,20/06/07,31/01/11,"Avocat",
"Maxime Bono","Charente-Maritime 1","SRC",43,109,234,168,16584,103,79,0,20193,19,7,1995,95,0,23,1,85,20/06/07,31/01/11,"Inspecteur des impôts",
"Jean-Yves Bony","Cantal 2","UMP",41,34,0,0,0,9,6,0,1378,4,4,53,10,1,150,0,64,20/07/07,14/12/10,"Exploitant agricole",
"Jean-Louis Borloo","Nord 21","UMP",2,3,0,0,0,0,0,0,0,0,0,13,6,0,0,0,0,14/12/10,31/01/11,"Avocat",
"Jean-Michel Boucheron","Ille-et-Vilaine 1","SRC",43,197,127,0,28422,82,45,0,11131,8,0,303,5,0,20,5,48,20/06/07,31/01/11,"Assistant d'Université",
"Jean-Claude Bouchet","Vaucluse 2","UMP",43,70,15,4,4522,88,47,0,14904,27,7,161,18,5,144,0,286,20/06/07,31/01/11,"Gérant de société",
"Marie-Odile Bouillé","Loire-Atlantique 8","SRC",43,108,18,0,3379,59,44,0,10239,15,5,682,48,0,28,2,45,20/06/07,31/01/11,"Sage-femme",
"Christophe Bouillon","Seine-Maritime 5","SRC",43,77,62,0,6164,32,15,0,2978,3,2,766,27,0,36,0,113,20/06/07,31/01/11,"Fonctionnaire de catégorie A",
"Monique Boulestin","Haute-Vienne 1","SRC",43,143,90,0,13421,47,41,0,11184,16,2,1517,59,0,23,1,62,20/06/07,31/01/11,"Professeur de lettres en détachement",
"Gilles Bourdouleix","Maine-et-Loire 5","UMP",43,70,31,0,3780,74,52,0,9591,7,1,64,22,1,15,3,57,20/06/07,31/01/11,"Chargé d'enseignement",
"Bruno Bourg-Broc","Marne 4","UMP",18,49,22,0,2209,11,11,0,3852,7,2,17,5,0,42,0,184,23/07/09,31/01/11,"Professeur",
"Pierre Bourguignon","Seine-Maritime 3","SRC",43,126,38,0,10722,18,5,0,4044,4,2,1205,52,0,39,5,22,20/06/07,31/01/11,"Sociologue urbaniste",
"Chantal Bourragué","Gironde 1","UMP",43,137,57,0,9334,100,48,0,13047,22,7,151,39,0,91,2,34,20/06/07,31/01/11,"Cadre commercial",
"Danielle Bousquet","Côtes-d'Armor 1","SRC",43,83,299,203,21795,2682,486,2612,57314,45,0,511,18,1,35,4,402,20/06/07,31/01/11,"Chef d'établissement",
"Christine Boutin","Yvelines 10","UMP",1,0,0,0,0,0,0,0,0,0,0,0,0,0,0,0,0,20/06/07,19/07/07,"Journaliste",
"Loïc Bouvard","Morbihan 4","UMP",43,131,46,0,12740,53,2,0,1191,2,1,165,29,0,244,4,5,20/06/07,31/01/11,"Conseil en management",
"Michel Bouvard","Savoie 3","UMP",43,297,680,71,108833,1936,637,0,152712,128,7,557,153,6,41,6,376,20/06/07,31/01/11,"Chargé de mission",
"Valérie Boyer","Bouches-du-Rhône 8","UMP",43,100,90,0,13803,199,108,0,24292,31,10,208,60,29,151,4,80,20/06/07,31/01/11,"Cadre du secteur hospitalier",
"Françoise Branget","Doubs 1","UMP",43,155,82,8,6830,165,116,0,21962,47,9,464,88,4,155,0,174,20/06/07,31/01/11,"Gestionnaire en immobilier",
"Patrick Braouezec","Seine-Saint-Denis 2","GDR",43,32,24,0,5470,1858,894,0,195889,134,9,3368,85,7,85,1,240,20/06/07,31/01/11,"Instituteur",
"Jean-Pierre Brard","Seine-Saint-Denis 7","GDR",43,151,280,0,43218,9831,3953,0,619954,274,14,3485,117,13,83,11,39,20/06/07,31/01/11,"Instituteur",
"Xavier Breton","Ain 1","UMP",43,106,149,0,16685,34,31,0,6016,14,8,100,24,3,75,1,92,20/06/07,31/01/11,"Cadre territorial",
"Philippe Briand","Indre-et-Loire 5","UMP",43,16,17,0,2416,74,1,0,775,1,1,23,6,0,40,0,137,20/06/07,31/01/11,"Chef d'entreprise et assureur",
"Françoise Briand","Essonne 7","UMP",28,78,25,0,4869,26,19,0,6505,12,7,27,6,0,42,1,26,19/09/08,31/01/11,"Ingénieur de recherche",
"Pascal Brindeau","Loir-et-Cher 3","NC",2,3,0,0,0,17,13,0,4331,5,0,2,0,0,0,0,8,15/12/10,31/01/11,,
"Bernard Brochand","Alpes-Maritimes 8","UMP",43,21,0,0,0,16,15,0,3125,4,3,31,6,0,101,0,92,20/06/07,31/01/11,"Cadre du secteur privé retraité",
"François Brottes","Isère 5","SRC",43,329,1127,0,129585,3814,1910,0,298255,191,15,3848,238,1,45,1,267,20/06/07,31/01/11,"Directeur associé de société",
"Chantal Brunel","Seine-et-Marne 8","UMP",43,106,153,0,25984,370,217,0,33729,52,12,84,28,3,48,8,35,20/06/07,31/01/11,,
"Marie-George Buffet","Seine-Saint-Denis 4","GDR",43,50,62,0,11670,326,180,0,49930,41,13,3203,112,13,80,0,90,20/06/07,31/01/11,"Employée",
"Michel Buillard","Polynésie Française 1","UMP",43,5,0,0,0,21,18,0,8437,8,0,25,1,0,0,0,14,20/06/07,31/01/11,"Fonctionnaire",
"Yves Bur","Bas-Rhin 4","UMP",43,168,614,22,81129,2019,801,0,116340,92,4,591,302,5,24,25,56,20/06/07,31/01/11,"Chirurgien-dentiste",
"Dominique Bussereau","Charente-Maritime 4","UMP",2,4,0,0,0,0,0,0,0,0,0,0,0,0,0,0,0,14/12/10,31/01/11,"Conseil en entreprises",
"Alain Cacheux","Nord 3","SRC",43,105,59,0,7399,957,161,0,32566,34,1,1261,66,0,25,2,17,20/06/07,31/01/11,"Ancien chargé d'études",
"Jérôme Cahuzac","Lot-et-Garonne 3","SRC",43,275,1136,577,118438,2318,1239,0,316539,146,12,2026,104,0,29,7,61,20/06/07,31/01/11,"Chirurgien",
"Dominique Caillaud","Vendée 2","UMP",43,89,49,3,7350,44,34,0,8147,12,2,66,23,0,89,0,156,20/06/07,31/01/11,"Gérant de société",
"Patrice Calméjane","Seine-Saint-Denis 8","UMP",43,109,37,0,3683,221,144,0,36782,52,12,307,52,2,214,2,67,20/06/07,31/01/11,"Ingénieur",
"François Calvet","Pyrénées-Orientales 3","UMP",43,88,6,0,1493,110,43,0,6118,6,3,144,47,4,138,2,177,20/06/07,31/01/11,"Avocat",
"Jean-Christophe Cambadélis","Paris 20","SRC",43,25,3,0,528,32,8,0,1934,2,0,307,4,0,13,0,179,20/06/07,31/01/11,"Conseiller en communication",
"Jean-Jacques Candelier","Nord 16","GDR",43,100,79,0,9295,360,256,0,73804,60,11,2963,85,24,97,0,460,20/06/07,31/01/11,"Cadre A de la fonction publique territoriale",
"Bernard Carayon","Tarn 4","UMP",43,141,67,0,6801,104,45,0,9028,9,4,150,29,3,68,2,1064,20/06/07,31/01/11,"Avocat et maître de conférences à l'IEP de Paris",
"Thierry Carcenac","Tarn 2","SRC",43,185,85,0,20194,72,57,0,20547,25,0,1419,57,0,25,9,25,20/06/07,31/01/11,"Inspecteur principal des impôts",
"Pierre Cardo","Yvelines 7","UMP",36,41,60,0,7758,281,79,0,16475,23,7,30,10,0,72,0,174,20/06/07,05/06/10,"Cadre de gestion",
"Christophe Caresche","Paris 18","SRC",43,195,267,0,46278,1091,506,0,89463,88,8,1835,62,0,18,13,2,20/06/07,31/01/11,"Chargé d'études",
"Olivier Carré","Loiret 1","UMP",43,191,201,55,19894,279,132,0,22786,41,6,170,52,0,21,4,27,20/06/07,31/01/11,"Chef d'entreprise",
"Gilles Carrez","Val-de-Marne 5","UMP",43,306,1671,0,196857,4834,3207,0,407254,147,6,1076,889,0,7,49,3,20/06/07,31/01/11,"Fonctionnaire de l'Etat en disponibilité",
"Martine Carrillon-Couvreur","Nièvre 1","SRC",43,97,101,0,13665,96,76,0,15530,29,9,964,49,0,34,0,201,20/06/07,31/01/11,"Directrice d'un institut médico-éducatif",
"Laurent Cathala","Val-de-Marne 2","SRC",43,35,0,0,0,3,0,0,26,0,0,311,5,0,8,0,34,20/06/07,31/01/11,"Cadre hospitalier",
"Bernard Cazeneuve","Manche 5","SRC",43,115,146,0,34154,252,197,0,58402,58,22,581,13,0,28,3,92,20/06/07,31/01/11,"Avocat au Barreau de Paris",
"Joëlle Ceccaldi-Raynaud","Hauts-de-Seine 6","UMP",43,69,16,0,3082,4,4,0,742,4,3,41,9,4,150,2,320,20/06/07,31/01/11,"Ancien clerc de notaire",
"Yves Censi","Aveyron 1","UMP",43,178,162,42,27362,796,293,0,63975,69,5,145,60,1,9,5,0,20/06/07,31/01/11,"Ingénieur conseil",
"Guy Chambefort","Allier 1","SRC",43,71,3,0,309,14,9,0,4350,4,0,206,8,0,31,0,16,20/06/07,31/01/11,"Retraité de l'enseignement",
"Jean-Paul Chanteguet","Indre 3","SRC",43,143,215,0,19290,254,139,0,36877,48,11,1976,75,0,29,0,53,20/06/07,31/01/11,"Conseiller économique",
"Gérard Charasse","Allier 4","SRC",43,91,31,0,7202,218,147,0,32500,59,20,1760,72,6,45,0,125,20/06/07,31/01/11,"Chargé de mission d'inspection de l'enseignement technique retraité",
"Hervé de Charette","Maine-et-Loire 6","NC",43,80,88,0,17941,270,169,0,24069,25,5,18,1,2,28,2,16,20/06/07,31/01/11,"Avocat",
"Jean-Paul Charié","Loiret 5","UMP",29,59,70,4,18978,1252,473,0,52610,26,2,229,131,0,3,6,32,20/06/07,03/11/09,"Directeur multimédia de société de presse",
"Jérôme Chartier","Val-d'Oise 7","UMP",43,153,465,0,47749,1593,990,0,141827,126,5,126,66,1,10,6,4,20/06/07,31/01/11,"Ancien associé gérant",
"André Chassaigne","Puy-de-Dôme 5","GDR",43,154,295,0,40082,2156,1221,0,240805,145,15,3151,115,6,83,4,374,20/06/07,31/01/11,"Principal de collège",
"Luc Chatel","Haute-Marne 1","UMP",1,1,0,0,0,0,0,0,0,0,0,0,0,0,0,0,0,20/06/07,19/07/07,"Directeur des ressources humaines",
"Gérard Cherpion","Vosges 2","UMP",43,175,209,4,23055,318,215,0,31856,32,5,97,55,2,39,8,16,20/06/07,31/01/11,"Pharmacien",
"Jean-François Chossy","Loire 7","UMP",43,62,13,0,2157,76,34,0,9199,17,7,182,33,5,160,0,254,20/06/07,31/01/11,"Préparateur en pharmacie",
"Jean-Louis Christ","Haut-Rhin 2","UMP",43,126,29,1,4443,7,7,0,2194,4,3,136,12,1,81,1,55,20/06/07,31/01/11,"Chef d'entreprise",
"Dino Cinieri","Loire 4","UMP",43,100,20,1,1568,135,33,0,10037,17,12,251,28,3,214,0,681,20/06/07,31/01/11,"Consultant sécurité",
"Éric Ciotti","Alpes-Maritimes 1","UMP",43,134,182,0,22799,970,672,0,85157,70,9,363,178,18,135,8,1066,20/06/07,31/01/11,"Directeur de cabinet d'un président de conseil général",
"Alain Claeys","Vienne 1","SRC",43,193,868,104,37949,86,61,0,14478,14,1,1252,57,0,34,8,18,20/06/07,31/01/11,"Enseignant",
"Jean-Michel Clément","Vienne 3","SRC",43,127,97,0,11411,234,203,0,66378,46,8,1723,49,0,37,0,82,20/06/07,31/01/11,"Avocat",
"Pascal Clément","Loire 6","UMP",43,71,27,0,1980,168,48,0,7416,11,0,7,0,2,8,0,10,20/06/07,31/01/11,"Avocat à la cour",
"Marie-Françoise Clergeau","Loire-Atlantique 2","SRC",43,100,409,0,31254,224,150,0,30412,27,5,706,34,0,38,6,49,20/06/07,31/01/11,"Attachée commerciale",
"Philippe Cochet","Rhône 5","UMP",43,118,70,0,13008,88,10,0,4981,8,3,48,16,2,139,7,131,20/06/07,31/01/11,"Gérant de société",
"Yves Cochet","Paris 11","GDR",43,72,318,0,29734,2041,1041,0,215712,121,22,1718,51,9,39,2,33,20/06/07,31/01/11,"Informaticien",
"Gilles Cocquempot","Pas-de-Calais 7","SRC",43,125,25,0,3470,32,16,0,2067,5,0,368,12,0,16,0,9,20/06/07,31/01/11,"Chargé de mission",
"Pierre Cohen","Haute-Garonne 3","SRC",43,57,9,0,1340,130,62,0,13867,11,4,369,7,0,36,0,10,20/06/07,31/01/11,"Ingénieur de recherche à l' INRIA",
"Georges Colombier","Isère 7","UMP",43,211,108,14,12163,192,140,0,28658,32,7,152,34,3,201,1,263,20/06/07,31/01/11,"Salarié de l'industrie",
"Geneviève Colot","Essonne 3","UMP",43,92,47,0,22187,41,32,0,12059,14,8,62,15,2,88,10,42,20/06/07,31/01/11,,
"Jean-François Copé","Seine-et-Marne 6","UMP",43,25,147,137,16430,1764,1039,0,118457,111,17,20,13,4,2,0,0,20/06/07,31/01/11,"Administrateur civil et avocat",
"François Cornut-Gentille","Haute-Marne 2","UMP",43,87,49,0,11674,68,50,0,11307,14,1,25,3,1,33,6,240,20/06/07,31/01/11,"Cadre d'entreprise",
"Louis Cosyns","Cher 3","UMP",43,139,90,0,6944,95,62,0,16851,33,8,480,67,2,160,0,275,20/06/07,31/01/11,"Agent général d'assurances",
"René Couanau","Ille-et-Vilaine 7","UMP",43,177,182,3,29963,249,74,0,15267,19,3,64,10,0,96,4,43,20/06/07,31/01/11,"Inspecteur général de l'administration de l'Éducation nationale retraité",
"Charles de Courson","Marne 5","NC",43,267,1601,105,171620,2259,1593,0,254971,153,12,816,120,0,16,12,25,20/06/07,31/01/11,"Magistrat à la Cour des comptes (conseiller référendaire)",
"Édouard Courtial","Oise 7","UMP",43,14,0,0,0,14,9,0,2765,5,3,31,5,3,31,0,50,20/06/07,31/01/11,"Consultant",
"Alain Cousin","Manche 3","UMP",43,150,21,2,7407,68,15,0,5123,7,2,63,19,1,80,3,82,20/06/07,31/01/11,"Agent général d'assurances",
"Jean-Yves Cousin","Calvados 6","UMP",43,221,71,0,7936,56,39,0,7787,16,7,296,33,1,172,4,37,20/06/07,31/01/11,"Inspecteur principal des impôts",
"Catherine Coutelle","Vienne 2","SRC",43,267,405,28,33970,650,275,0,65008,78,11,2558,102,0,34,2,31,20/06/07,31/01/11,"Retraitée de l'enseignement",
"Jean-Michel Couve","Var 4","UMP",43,76,5,0,188,45,21,0,3174,3,1,292,50,0,159,0,7,20/06/07,31/01/11,"Cardiologue",
"Pascale Crozon","Rhône 6","SRC",43,134,204,0,21598,358,161,0,36355,52,10,2104,100,0,39,3,49,20/06/07,31/01/11,"Chargée de mission - Ancienne déléguée régionale chargée des droits des femmes",
"Henri Cuq","Yvelines 9","UMP",36,24,1,0,54,3,0,0,15,0,0,29,6,0,14,0,16,20/06/07,11/06/10,"Ancien fonctionnaire du ministère de l'intérieur",
"Frédéric Cuvillier","Pas-de-Calais 5","SRC",43,62,39,1,5340,299,22,0,10369,6,3,726,47,0,31,0,386,20/06/07,31/01/11,"Professeur de faculté",
"Marie-Christine Dalloz","Jura 2","UMP",43,156,91,0,16836,549,218,0,30787,50,12,263,69,1,107,4,123,20/06/07,31/01/11,,
"Claude Darciaux","Côte-d'Or 3","SRC",43,99,33,0,2848,44,21,0,5535,11,4,1061,70,0,35,0,81,20/06/07,31/01/11,"Enseignante",
"Olivier Dassault","Oise 1","UMP",43,68,18,1,4779,67,39,0,6816,12,7,88,10,0,215,4,48,20/06/07,31/01/11,"Président de sociétés",
"Marc-Philippe Daubresse","Nord 4","UMP",2,1,0,0,0,0,0,0,0,0,0,0,0,0,0,0,0,14/12/10,31/01/11,"Ancien directeur d'une société de recrutement",
"Patrice Debray","Haute-Saône 1","UMP",28,70,31,0,2389,52,39,0,7544,16,5,101,17,8,129,0,43,19/04/08,05/08/10,"Médecin",
"Bernard Debré","Paris 15","UMP",43,102,96,0,11750,510,296,0,29281,45,8,267,36,6,67,2,103,20/06/07,31/01/11,"Chirurgien des hôpitaux, professeur des Universités",
"Jean-Pierre Decool","Nord 14","UMP",43,92,20,0,3497,277,161,0,21639,58,13,1493,217,10,421,1,201,20/06/07,31/01/11,"Professeur",
"Bernard Deflesselles","Bouches-du-Rhône 9","UMP",43,92,87,0,23187,681,71,0,17408,18,5,47,11,0,63,10,42,20/06/07,31/01/11,"Ingénieur",
"Lucien Degauchy","Oise 5","UMP",43,67,5,0,223,172,11,0,1976,5,5,39,7,0,183,0,118,20/06/07,31/01/11,"Horticulteur",
"Pascal Deguilhem","Dordogne 1","SRC",43,123,46,0,9240,227,113,0,23826,32,14,1290,76,0,39,1,91,20/06/07,31/01/11,"Professeur d'Education physique (Université Bordeaux IV)",
"Rémi Delatte","Côte-d'Or 2","UMP",43,129,40,0,7734,109,69,0,14402,30,12,62,16,2,86,2,244,20/06/07,31/01/11,"Agriculteur-propriétaire exploitant",
"Michèle Delaunay","Gironde 2","SRC",43,123,164,0,16216,708,363,0,57509,85,13,2570,119,0,41,1,272,20/06/07,31/01/11,"Médecin des hôpitaux",
"Guy Delcourt","Pas-de-Calais 13","SRC",43,31,2,0,476,30,27,0,6184,17,17,808,44,1,36,0,132,20/06/07,31/01/11,"Retraité de la fonction publique territoriale",
"Michel Delebarre","Nord 13","SRC",43,58,37,0,10684,77,27,0,5342,4,1,345,6,0,32,4,127,20/06/07,31/01/11,"Préfet",
"Richard Dell'Agnola","Val-de-Marne 12","UMP",43,183,128,1,18676,183,95,0,18539,27,3,59,20,1,64,4,33,20/06/07,31/01/11,"Attaché principal d'administration au ministère de la justice",
"Sophie Delong","Haute-Marne 1","UMP",42,124,10,0,1608,6,5,0,1135,4,4,139,42,1,130,0,139,20/07/07,31/01/11,"Médecin du travail",
"François Deluga","Gironde 8","SRC",26,33,1,0,257,13,13,0,3184,4,3,596,13,0,10,0,69,01/12/08,31/01/11,"Agent général d'assurances",
"Stéphane Demilly","Somme 5","NC",43,61,40,0,8589,166,133,0,29702,46,26,117,15,3,43,0,496,20/06/07,31/01/11,"Consultant en management",
"Yves Deniaud","Orne 1","UMP",43,159,154,7,23396,58,39,0,13483,11,2,32,6,0,24,4,38,20/06/07,31/01/11,"Cadre commercial",
"Bernard Depierre","Côte-d'Or 1","UMP",43,85,23,0,8980,108,96,0,16566,25,10,160,43,2,133,4,144,20/06/07,31/01/11,"Consultant ",
"Bernard Derosier","Nord 2","SRC",43,136,233,0,31332,1113,494,0,96448,61,7,1513,40,1,36,10,53,20/06/07,31/01/11,"Instituteur retraité",
"Marie-Hélène Des Esgaulx","Gironde 8","UMP",15,45,11,0,2290,98,24,0,5170,6,1,28,17,0,3,2,13,20/06/07,01/10/08,"Avocate",
"Jacques Desallangre","Aisne 4","GDR",43,97,57,0,10887,674,146,0,45781,41,14,3010,88,7,90,1,160,20/06/07,31/01/11,"Journaliste",
"Vincent Descoeur","Cantal 1","UMP",43,94,27,0,3913,101,78,0,14552,31,8,91,19,2,24,0,92,20/06/07,31/01/11,"Professeur agrégé de biologie",
"Michel Destot","Isère 3","SRC",43,96,33,0,6681,41,32,0,7773,8,0,469,9,0,15,1,96,20/06/07,31/01/11,"Ingénieur",
"Patrick Devedjian","Hauts-de-Seine 13","UMP",2,5,7,0,186,0,0,0,0,0,0,0,0,0,0,0,0,14/12/10,31/01/11,"Avocat",
"Nicolas Dhuicq","Aube 1","UMP",43,63,34,0,4626,121,51,0,9896,22,2,162,30,2,118,0,28,20/06/07,31/01/11,"Psychiatre des hôpitaux",
"Éric Diard","Bouches-du-Rhône 12","UMP",43,82,122,0,16083,275,141,0,25617,39,4,179,31,11,102,10,90,20/06/07,31/01/11,"Consultant en gestion",
"Michel Diefenbacher","Lot-et-Garonne 2","UMP",43,252,106,5,25786,336,303,0,65765,71,7,259,54,1,149,8,113,20/06/07,31/01/11,"Conseiller Maître à la Cour des comptes",
"Jean Dionis du Séjour","Lot-et-Garonne 1","NC",43,191,553,27,61518,2515,1260,0,211372,153,10,717,99,0,14,4,18,20/06/07,31/01/11,"Ingénieur",
"Marc Dolez","Nord 17","GDR",43,138,28,0,8030,888,320,0,62891,71,9,2476,79,2,70,3,1268,20/06/07,31/01/11,"Maître de conférences",
"Jacques Domergue","Hérault 1","UMP",43,109,120,0,23080,662,390,0,43812,68,12,109,27,4,119,4,168,20/06/07,31/01/11,"Chirurgien",
"Jean-Pierre Door","Loiret 4","UMP",43,169,738,12,65482,911,498,0,63226,69,11,352,183,2,104,20,0,20/06/07,31/01/11,"Cardiologue",
"Dominique Dord","Savoie 1","UMP",43,115,126,0,17006,507,211,0,25962,28,2,259,63,1,234,4,88,20/06/07,31/01/11,"Gérant de société",
"René Dosière","Aisne 1","SRC",43,101,258,0,38430,1445,792,0,144118,71,1,898,27,0,18,4,300,20/06/07,31/01/11,"Consultant international",
"Olivier Dosne","Val-de-Marne 7","UMP",2,1,0,0,0,0,0,0,0,0,0,0,0,0,0,0,0,15/12/10,31/01/11,"Pharmacien",
"David Douillet","Yvelines 12","UMP",15,40,18,0,2518,18,17,0,1502,5,2,10,0,0,16,0,57,19/10/09,31/01/11,,
"Julien Dray","Essonne 10","SRC",43,48,22,0,3948,346,104,0,14782,14,0,542,22,0,27,1,61,20/06/07,31/01/11,"Enseignant chercheur",
"Tony Dreyfus","Paris 5","SRC",43,117,14,0,4693,2812,511,2799,45963,35,3,483,5,0,26,4,14,20/06/07,31/01/11,"Avocat au Barreau de Paris",
"Marianne Dubois","Loiret 5","UMP",15,52,11,3,2591,10,10,0,2777,6,3,6,3,0,44,0,9,04/11/09,31/01/11,,
"Jean-Pierre Dufau","Landes 2","SRC",43,106,70,0,13521,297,111,0,27178,38,11,521,8,0,39,4,85,20/06/07,31/01/11,"Enseignant retraité",
"William Dumas","Gard 5","SRC",43,158,69,0,8667,164,89,0,24072,37,9,1349,49,0,40,0,465,20/06/07,31/01/11,,
"Laurence Dumont","Calvados 2","SRC",43,94,37,0,7786,444,135,0,31034,45,10,852,28,0,32,1,81,20/06/07,31/01/11,"Chargée d'études",
"Jean-Louis Dumont","Meuse 2","SRC",43,168,151,28,20908,229,96,0,19294,19,1,1482,89,3,20,4,117,20/06/07,31/01/11,"Enseignant",
"Cécile Dumoulin","Yvelines 8","UMP",22,87,49,0,5509,78,61,0,13141,13,3,70,21,0,29,1,46,17/04/09,31/01/11,"Vétérinaire",
"Jean-Pierre Dupont","Corrèze 3","UMP",43,95,28,0,4747,73,44,0,11580,19,7,94,14,2,117,2,55,20/06/07,31/01/11,"Docteur vétérinaire",
"Nicolas Dupont-Aignan","Essonne 8","NI",43,35,19,0,3540,297,204,0,52847,31,7,19,2,4,41,0,189,20/06/07,31/01/11,"Administrateur civil",
"Jean-Paul Dupré","Aude 3","SRC",43,76,68,0,13991,31,29,0,5455,14,10,393,5,0,39,9,373,20/06/07,31/01/11,"Cadre bancaire retraité",
"Yves Durand","Nord 11","SRC",43,64,34,3,10933,405,206,0,30842,33,10,793,18,0,35,1,74,20/06/07,31/01/11,"Enseignant",
"Raymond Durand","Rhône 11","NC",32,85,18,0,1330,27,21,0,4836,9,6,75,17,0,37,0,243,02/06/08,31/01/11,"Retraité",
"Paul Durieu","Vaucluse 4","UMP",2,7,0,0,0,1,1,0,190,1,1,19,1,0,0,0,2,15/12/10,31/01/11,"Retraité",
"Odette Duriez","Pas-de-Calais 11","SRC",43,67,14,0,567,33,28,0,4312,8,6,1061,22,0,39,0,280,20/06/07,31/01/11,"Comptable",
"Philippe Duron","Calvados 1","SRC",43,87,88,8,12734,129,88,0,23385,22,2,1632,75,0,24,1,73,20/06/07,31/01/11,"Professeur de lycée agrégé d'histoire",
"Olivier Dussopt","Ardèche 2","SRC",43,90,49,0,9981,224,158,0,46726,53,13,2164,67,0,43,0,289,20/06/07,31/01/11,"Assistant parlementaire",
"Renaud Dutreil","Marne 1","UMP",15,2,1,0,123,0,0,0,0,0,0,6,0,0,20,0,20,20/06/07,16/09/08,"Maître des requêtes au conseil d'Etat",
"Christian Eckert","Meurthe-et-Moselle 7","SRC",43,130,259,6,26982,2036,1071,0,165608,122,25,2385,69,0,41,2,409,20/06/07,31/01/11,"Professeur",
"Henri Emmanuelli","Landes 3","SRC",43,163,920,483,43826,2515,336,0,66285,63,5,1214,59,0,26,6,91,20/06/07,31/01/11,"Directeur-adjoint de banque",
"Corinne Erhel","Côtes-d'Armor 5","SRC",43,187,84,4,11312,280,243,0,41019,56,7,2918,138,0,32,2,146,20/06/07,31/01/11,"Assistante parlementaire",
"Christian Estrosi","Alpes-Maritimes 5","UMP",17,14,45,0,4751,39,35,0,4901,10,5,101,8,3,22,1,268,"20/06/07","31/01/11","Ancien sportif de haut niveau","mandat discontinu"
"Gilles d'Ettore","Hérault 7","UMP",43,58,43,0,6298,35,17,0,4209,7,4,18,7,2,134,4,142,20/06/07,31/01/11,"Permanent politique",
"Laurent Fabius","Seine-Maritime 4","SRC",43,32,2,0,676,239,169,0,28861,24,10,570,11,0,8,0,30,20/06/07,31/01/11,"Ancien Maître des requêtes au Conseil d'Etat",
"Albert Facon","Pas-de-Calais 14","SRC",43,61,16,0,1695,241,15,0,4570,8,7,435,13,0,34,0,155,20/06/07,31/01/11,"Professeur",
"Jacqueline Farreyrol","Réunion 3","UMP",3,1,0,0,0,1,1,0,246,1,1,12,12,0,0,0,1,13/11/10,31/01/11,"Retraitée",
"Daniel Fasquelle","Pas-de-Calais 4","UMP",43,222,241,0,36197,314,193,0,43993,57,7,586,87,6,214,11,60,20/06/07,31/01/11,"Professeur de faculté",
"Martine Faure","Gironde 9","SRC",43,104,17,0,3749,67,49,0,9227,19,8,678,43,0,38,0,157,20/06/07,31/01/11,"Retraitée de l'enseignement",
"Yannick Favennec","Mayenne 3","UMP",43,84,11,0,2053,84,54,0,13966,27,11,205,34,25,91,0,243,20/06/07,31/01/11,"Directeur de cabinet",
"Georges Fenech","Rhône 11","UMP",9,25,11,0,5498,165,85,0,14523,13,4,66,62,1,15,2,16,20/06/07,27/03/08,"Magistrat",
"Hervé Féron","Meurthe-et-Moselle 2","SRC",43,79,113,0,23665,189,107,0,27357,29,13,677,35,0,31,8,400,20/06/07,31/01/11,"Homme de lettres et Artiste",
"Jean-Michel Ferrand","Vaucluse 3","UMP",43,123,55,0,8489,59,12,0,2676,5,4,198,29,9,211,4,93,20/06/07,31/01/11,"Professeur de lettres",
"Alain Ferry","Bas-Rhin 6","UMP",43,59,0,0,0,43,10,0,2200,7,1,127,13,0,90,0,6,20/06/07,31/01/11,"Chef d'entreprise",
"Daniel Fidelin","Seine-Maritime 9","UMP",43,126,30,0,3096,26,25,0,7377,11,5,38,7,0,105,0,35,20/06/07,31/01/11,"Assureur",
"Aurélie Filippetti","Moselle 8","SRC",43,141,154,0,17499,777,626,0,110539,92,14,2676,99,0,22,1,90,20/06/07,31/01/11,"Enseignante et écrivain",
"François Fillon","Sarthe 4","UMP",1,0,0,0,0,0,0,0,0,0,0,0,0,0,0,0,0,20/06/07,19/07/07,,
"Geneviève Fioraso","Isère 1","SRC",43,146,99,0,19107,178,147,0,31255,27,4,2056,88,0,34,3,103,20/06/07,31/01/11,"Cadre supérieur",
"André Flajolet","Pas-de-Calais 9","UMP",43,80,47,0,5112,132,103,0,13584,28,5,158,48,2,78,2,25,20/06/07,31/01/11,"Professeur",
"Jean-Claude Flory","Ardèche 3","UMP",43,205,29,0,8816,26,17,0,8096,11,5,100,21,9,117,4,711,20/06/07,31/01/11,"Conseiller en gestion locale",
"Philippe Folliot","Tarn 3","NC",43,121,122,4,20612,962,647,0,147466,124,17,195,22,1,38,3,428,20/06/07,31/01/11,"Directeur d'un organisme de financement du logement social",
"Pierre Forgues","Hautes-Pyrénées 1","SRC",43,114,99,0,16568,29,8,0,2620,4,4,320,5,0,28,1,182,20/06/07,31/01/11,"Professeur de mathématiques",
"Nicolas Forissier","Indre 2","UMP",43,81,118,0,19561,408,227,0,41082,32,3,283,105,1,47,6,25,20/06/07,31/01/11,"Chef d'entreprise",
"Marie-Louise Fort","Yonne 3","UMP",43,246,132,0,22439,175,62,0,17494,20,7,130,28,2,163,8,58,20/06/07,31/01/11,,
"Jean-Michel Fourgous","Yvelines 11","UMP",43,94,86,0,19243,251,114,0,21674,23,5,73,9,2,15,4,17,20/06/07,31/01/11,"Chef d'entreprise",
"Valérie Fourneyron","Seine-Maritime 1","SRC",43,79,78,0,12514,273,202,0,44217,44,12,1624,91,0,26,1,72,20/06/07,31/01/11,"Médecin du sport",
"Marc Francina","Haute-Savoie 5","UMP",43,161,25,0,2325,46,4,0,1121,3,1,142,28,1,132,1,170,20/06/07,31/01/11,"Conseiller financier et bancaire",
"Arlette Franco","Pyrénées-Orientales 2","UMP",33,34,24,0,7414,56,11,0,3333,4,2,139,32,1,106,2,75,20/06/07,01/04/10,"Enseignante",
"Michel Françaix","Oise 3","SRC",43,80,93,0,17027,628,277,0,49339,44,11,800,44,0,38,2,46,20/06/07,31/01/11,"Consultant en communication",
"Jacqueline Fraysse","Hauts-de-Seine 4","GDR",43,94,224,0,26734,1041,704,0,137165,99,12,3494,124,1,88,3,52,20/06/07,31/01/11,"Médecin cardiologue",
"Pierre Frogier","Nouvelle-Calédonie 2","UMP",43,27,11,0,3529,28,25,0,8675,7,0,44,23,0,19,0,6,20/06/07,31/01/11,"Administrateur de biens",
"Yves Fromion","Cher 1","UMP",43,134,182,7,36118,251,77,0,18158,21,1,126,16,0,54,10,70,20/06/07,31/01/11,"Sous-préfet",
"Jean-Claude Fruteau","Réunion 5","SRC",43,79,59,0,17944,99,79,0,27616,26,5,1213,72,1,26,7,476,20/06/07,31/01/11,"Retraité de l'enseignement",
"Jean-Louis Gagnaire","Loire 2","SRC",43,110,64,0,14725,459,253,0,36941,44,2,1766,94,0,33,0,180,20/06/07,31/01/11,"Enseignant",
"Geneviève Gaillard","Deux-Sèvres 1","SRC",43,114,128,2,13488,201,107,0,22879,24,4,1234,65,2,38,0,248,20/06/07,31/01/11,"Vétérinaire",
"Cécile Gallez","Nord 21","UMP",41,157,28,3,8484,48,31,0,8098,13,3,96,34,1,65,1,14,20/07/07,14/12/10,"Pharmacienne retraitée",
"Sauveur Gandolfi-Scheit","Haute-Corse 1","UMP",43,74,6,0,630,46,38,0,6877,14,5,212,37,4,206,0,47,20/06/07,31/01/11,"Médecin",
"Guillaume Garot","Mayenne 1","SRC",43,61,23,0,1453,44,33,0,8753,10,3,1154,12,0,24,0,175,20/06/07,31/01/11,,
"Jean-Paul Garraud","Gironde 10","UMP",43,125,276,0,28522,852,474,0,78634,50,9,233,65,9,67,10,157,20/06/07,31/01/11,"Magistrat",
"Daniel Garrigue","Dordogne 2","NI",43,298,407,4,75645,606,488,0,82151,114,4,173,17,0,15,18,101,20/06/07,31/01/11,"Administrateur à l'Assemblée nationale",
"Claude Gatignol","Manche 4","UMP",43,140,147,0,20936,117,63,0,11330,18,1,523,61,1,97,1,13,20/06/07,31/01/11,"Docteur vétérinaire",
"Jean Gaubert","Côtes-d'Armor 2","SRC",43,271,508,9,81148,1782,1163,0,175935,130,4,3137,133,0,37,9,160,20/06/07,31/01/11,"Agriculteur-éleveur",
"Gérard Gaudron","Seine-Saint-Denis 10","UMP",43,129,21,0,3526,125,99,0,26214,46,12,121,36,2,65,1,39,20/06/07,31/01/11,"Géologue",
"Jean-Jacques Gaultier","Vosges 4","UMP",43,111,41,0,5423,36,25,0,4207,8,4,30,8,3,42,1,49,20/06/07,31/01/11,"Médecin biologiste",
"Hervé Gaymard","Savoie 2","UMP",43,159,166,2,50318,95,64,0,20415,17,5,16,11,3,6,18,53,20/06/07,31/01/11,"Administrateur civil",
"Catherine Génisson","Pas-de-Calais 2","SRC",43,129,272,3,24982,6744,1701,5958,168086,115,8,1884,110,0,33,1,129,20/06/07,31/01/11,"Praticien hospitalier",
"Guy Geoffroy","Seine-et-Marne 9","UMP",43,317,586,99,102325,1484,389,0,86528,75,7,172,80,1,154,38,33,20/06/07,31/01/11,"Proviseur",
"Bernard Gérard","Nord 9","UMP",43,138,77,0,13328,271,165,0,30569,55,12,468,94,4,82,2,139,20/06/07,31/01/11,"Avocat",
"André Gerin","Rhône 14","GDR",43,19,169,169,19306,222,55,0,12119,19,11,2960,85,10,87,0,217,20/06/07,31/01/11,"Dessinateur industriel",
"Alain Gest","Somme 6","UMP",43,115,77,4,18285,738,210,0,35732,40,9,195,84,0,91,6,19,20/06/07,31/01/11,"Consultant",
"Paul Giacobbi","Haute-Corse 2","SRC",43,68,53,0,10130,153,75,0,23564,30,9,1172,48,0,22,0,49,20/06/07,31/01/11,"Administrateur civil hors classe au ministère de l'équipement",
"Franck Gilard","Eure 5","UMP",43,61,17,0,987,416,21,0,7818,14,8,153,32,3,63,0,110,20/06/07,31/01/11,"Consultant",
"Jean-Patrick Gille","Indre-et-Loire 1","SRC",43,180,198,0,36032,776,522,0,121900,71,8,2533,139,0,29,3,158,20/06/07,31/01/11,"Chargé de mission auprès d'un conseil régional",
"Georges Ginesta","Var 5","UMP",43,142,121,0,17424,6,5,0,5063,5,1,27,3,2,72,4,138,20/06/07,31/01/11,"Ingénieur ETP",
"Charles-Ange Ginesy","Alpes-Maritimes 5","UMP",25,75,13,0,1392,9,8,0,1331,4,4,81,5,1,58,0,275,"20/07/07","13/12/10","Chef d'entreprise","mandat discontinu"
"Jean-Pierre Giran","Var 3","UMP",43,64,31,0,2496,14,12,0,2078,6,4,34,4,4,49,0,153,20/06/07,31/01/11,"Professeur d'Université",
"Annick Girardin","Saint-Pierre-et-Miquelon 1","SRC",43,111,64,0,11844,220,180,0,49865,81,12,1776,113,0,39,3,84,20/06/07,31/01/11,"Fonctionnaire de catégorie A",
"Joël Giraud","Hautes-Alpes 2","SRC",43,40,13,1,2532,71,63,0,22645,30,14,1210,55,1,42,0,369,20/06/07,31/01/11,"Administrateur civil hors-classe",
"Louis Giscard d'Estaing","Puy-de-Dôme 3","UMP",43,258,521,59,74519,509,257,0,52393,69,9,251,69,3,26,8,63,20/06/07,31/01/11,"Chef d'entreprise",
"Jean Glavany","Hautes-Pyrénées 3","SRC",43,91,97,0,23196,1132,242,0,34998,36,13,474,12,0,14,8,125,20/06/07,31/01/11,"Préfet",
"Claude Goasguen","Paris 14","UMP",43,106,187,3,28629,1757,597,0,78791,74,7,242,83,4,91,6,90,20/06/07,31/01/11,"Avocat à la Cour d'appel de Paris",
"Daniel Goldberg","Seine-Saint-Denis 3","SRC",43,121,197,0,20223,806,532,0,101605,79,12,2556,123,0,36,4,350,20/06/07,31/01/11,"Maître de conférences",
"François-Michel Gonnot","Oise 6","UMP",43,53,33,7,7158,69,29,0,8119,10,2,106,16,0,73,1,84,20/06/07,31/01/11,"Avocat",
"Didier Gonzales","Val-de-Marne 3","UMP",43,93,58,0,3608,50,43,0,8733,21,6,68,22,2,134,0,18,20/06/07,31/01/11,"Fonctionnaire",
"Gaëtan Gorce","Nièvre 2","SRC",43,92,104,0,22498,595,438,0,96613,63,18,1553,67,4,13,9,45,20/06/07,31/01/11,"Administrateur civil",
"Jean-Pierre Gorges","Eure-et-Loir 1","UMP",29,164,443,0,24494,122,29,0,5782,12,3,102,25,3,56,4,65,15/09/08,31/01/11,"Directeur informatique",
"Pierre Gosnat","Val-de-Marne 10","GDR",43,52,63,0,10582,1240,507,0,115217,77,13,3130,111,5,88,1,34,20/06/07,31/01/11,"Fonctionnaire",
"Philippe Gosselin","Manche 1","UMP",43,127,111,2,10908,1330,553,0,80272,68,9,323,165,3,86,7,78,20/06/07,31/01/11,"Professeur de droit en classes préparatoires aux grandes écoles",
"Pascale Got","Gironde 5","SRC",43,173,114,0,12049,182,146,0,26288,50,8,2849,145,0,29,1,206,20/06/07,31/01/11,"Journaliste",
"Marc Goua","Maine-et-Loire 2","SRC",43,245,110,0,9781,93,64,0,17452,22,5,2270,88,0,36,2,233,20/06/07,31/01/11,"Retraité salarié privé",
"Philippe Goujon","Paris 12","UMP",43,113,69,0,14613,379,248,0,51424,54,6,154,57,3,35,1,59,20/06/07,31/01/11,"Cadre",
"François Goulard","Morbihan 1","UMP",43,201,285,0,38065,681,182,0,28534,27,0,115,11,3,20,6,89,20/06/07,31/01/11,,
"Michel Grall","Morbihan 2","UMP",43,80,56,0,6349,28,20,0,4723,14,6,135,30,1,115,1,140,20/06/07,31/01/11,"Ingénieur conseil",
"Jean-Pierre Grand","Hérault 3","UMP",43,72,23,0,6024,259,126,0,15503,31,5,225,37,6,119,0,377,20/06/07,31/01/11,"Attaché parlementaire",
"Claude Greff","Indre-et-Loire 2","UMP",43,109,145,0,11631,662,116,0,23226,35,9,66,28,1,52,3,15,20/06/07,31/01/11,"Infirmière",
"Jean Grellier","Deux-Sèvres 4","SRC",43,188,22,0,2375,26,25,0,14693,18,5,2167,71,0,33,0,273,20/06/07,31/01/11,"Retraité salarié privé, dirigeant d'entreprise (SCOP)",
"Maxime Gremetz","Somme 1","GDR",43,97,222,0,20591,3240,552,0,92845,81,13,3280,112,16,109,0,345,20/06/07,31/01/11,"Métallurgiste",
"Jean Grenet","Pyrénées-Atlantiques 5","UMP",43,70,6,0,849,11,5,0,1400,4,3,6,3,1,17,0,234,20/06/07,31/01/11,"Chirurgien retraité",
"Anne Grommerch","Moselle 9","UMP",26,125,11,0,2508,12,10,0,2300,5,4,145,40,0,72,1,55,17/11/08,31/01/11,"Directrice des ventes",
"François Grosdidier","Moselle 1","UMP",43,66,38,0,4954,309,113,0,18242,19,3,258,62,0,130,0,151,20/06/07,31/01/11,"Fonctionnaire territorial",
"Jacques Grosperrin","Doubs 2","UMP",43,130,82,2,23800,113,83,0,17607,25,9,127,16,14,110,2,223,20/06/07,31/01/11,"Professeur de faculté",
"Arlette Grosskost","Haut-Rhin 5","UMP",43,181,60,0,6408,142,87,0,18969,26,11,414,157,1,182,3,138,20/06/07,31/01/11,"Avocat",
"Serge Grouard","Loiret 2","UMP",43,120,444,36,31562,453,259,0,29819,38,3,185,89,0,10,3,49,20/06/07,31/01/11,"Administrateur civil",
"Pascale Gruny","Aisne 2","UMP",2,9,4,0,496,3,2,0,389,2,1,6,2,0,0,0,0,15/12/10,31/01/11,"Directeur de ressources humaines",
"Louis Guédon","Vendée 3","UMP",43,156,119,0,11402,67,42,0,11404,16,4,118,36,3,193,4,107,20/06/07,31/01/11,"Docteur en pharmacie, biologiste",
"Françoise Guégot","Seine-Maritime 2","UMP",43,115,38,0,18420,89,71,0,13366,23,7,44,17,0,47,4,39,20/06/07,31/01/11,"Maître de conférence associée",
"Jean-Claude Guibal","Alpes-Maritimes 4","UMP",43,139,102,0,16680,33,31,0,14119,20,9,186,35,9,172,7,232,20/06/07,31/01/11,"Ancien dirigeant d'organisations professionnelles",
"Élisabeth Guigou","Seine-Saint-Denis 9","SRC",43,118,74,4,24951,1750,474,1309,79743,55,8,1218,42,2,31,4,50,20/06/07,31/01/11,"Administrateur civil du ministère des finances",
"Jean-Jacques Guillet","Hauts-de-Seine 8","UMP",43,105,28,0,14069,8,7,0,5252,5,1,68,6,0,69,6,19,20/06/07,31/01/11,"Chef d'entreprise retraité",
"Christophe Guilloteau","Rhône 10","UMP",43,155,104,1,11342,52,35,0,9256,16,2,256,21,0,104,1,289,20/06/07,31/01/11,"Ancien assistant parlementaire",
"David Habib","Pyrénées-Atlantiques 3","SRC",43,128,198,188,15330,93,58,0,17424,20,3,1187,51,0,24,0,188,20/06/07,31/01/11,"Cadre",
"Gérard Hamel","Eure-et-Loir 2","UMP",43,45,24,4,8285,69,33,0,4557,9,1,89,18,0,108,1,103,20/06/07,31/01/11,"Chef d'entreprise du bâtiment",
"Michel Havard","Rhône 1","UMP",43,89,75,0,9320,75,16,0,3851,9,4,85,36,0,31,0,116,20/06/07,31/01/11,"Autre cadre (secteur privé)",
"Michel Heinrich","Vosges 1","UMP",43,153,107,0,7447,67,56,0,10797,20,5,139,20,1,103,0,83,20/06/07,31/01/11,"Pharmacien",
"Laurent Hénart","Meurthe-et-Moselle 1","UMP",43,251,220,0,27463,168,121,0,29632,31,4,92,30,0,29,6,773,20/06/07,31/01/11,"Juriste d'entreprise",
"Michel Herbillon","Val-de-Marne 8","UMP",43,147,264,35,61708,875,321,0,50590,52,10,230,58,1,149,15,7,20/06/07,31/01/11,"Cadre",
"Antoine Herth","Bas-Rhin 5","UMP",43,142,118,0,17740,617,344,0,49710,50,4,425,153,0,44,8,98,20/06/07,31/01/11,"Agriculteur",
"Francis Hillmeyer","Haut-Rhin 6","NC",43,75,22,0,2193,52,52,0,15828,21,7,142,33,0,86,0,207,20/06/07,31/01/11,"Journaliste reporter-photographe",
"Danièle Hoffman-Rispal","Paris 6","SRC",43,120,81,0,13662,6248,1217,5840,145705,131,8,2042,76,0,32,0,21,20/06/07,31/01/11,"Comptable",
"François Hollande","Corrèze 1","SRC",43,43,10,0,1758,431,195,0,25943,23,10,761,30,1,25,0,34,20/06/07,31/01/11,"Conseiller référendaire à la Cour des comptes",
"Françoise Hostalier","Nord 15","UMP",43,131,124,0,19075,329,152,0,34868,45,8,512,94,3,284,2,196,20/06/07,31/01/11,"Inspecteur général de l'Education nationale",
"Philippe Houillon","Val-d'Oise 1","UMP",43,141,133,0,13331,114,66,0,16283,13,1,38,11,2,33,6,29,20/06/07,31/01/11,"Avocat, ancien Bâtonnier de l'Ordre",
"Jacques Houssin","Nord 4","UMP",8,26,0,0,0,2,2,0,307,1,1,90,22,1,9,0,2,23/04/10,14/12/10,"Hôtelier",
"Guénhaël Huet","Manche 2","UMP",43,111,129,0,16813,145,91,0,20411,32,8,53,12,3,33,2,64,20/06/07,31/01/11,"Fonctionnaire",
"Michel Hunault","Loire-Atlantique 6","NC",43,154,94,0,14112,865,619,0,129709,127,28,120,33,13,15,1,893,20/06/07,31/01/11,"Avocat",
"Sandrine Hurel","Seine-Maritime 11","SRC",43,29,2,0,98,10,9,0,1310,3,3,308,5,0,30,0,103,20/06/07,31/01/11,"Secrétaire de direction",
"Christian Hutin","Nord 12","SRC",43,74,49,0,6563,333,149,0,22346,31,2,1229,28,0,31,0,50,20/06/07,31/01/11,"Médecin généraliste",
"Sébastien Huyghe","Nord 5","UMP",43,165,123,19,25441,300,175,0,39843,43,9,131,52,5,51,9,70,20/06/07,31/01/11,"Notaire",
"Monique Iborra","Haute-Garonne 6","SRC",43,89,99,0,12979,325,180,0,29008,33,9,2386,146,0,40,0,52,20/06/07,31/01/11,"Fonctionnaire de catégorie A",
"Jean-Louis Idiart","Haute-Garonne 8","SRC",43,87,17,0,2585,402,116,0,21914,18,0,1245,51,0,37,0,147,20/06/07,31/01/11,"Contrôleur des impôts",
"Françoise Imbert","Haute-Garonne 5","SRC",43,69,18,0,2474,69,57,0,16206,26,9,646,26,0,41,0,358,20/06/07,31/01/11,"Ancien chef de cabinet du maire de Colomiers",
"Jacqueline Irles","Pyrénées-Orientales 4","UMP",43,66,3,0,2352,159,91,0,9849,13,6,133,43,0,106,1,56,20/06/07,31/01/11,"Cadre supérieur",
"Michel Issindou","Isère 2","SRC",43,139,168,0,22150,638,289,0,61017,52,8,1576,40,0,42,0,186,20/06/07,31/01/11,"Cadre de la fonction publique",
"Christian Jacob","Seine-et-Marne 4","UMP",43,202,1135,569,77023,1947,954,0,89010,78,3,342,236,1,4,5,54,20/06/07,31/01/11,"Agriculteur",
"Denis Jacquat","Moselle 2","UMP",43,210,493,1,41995,950,448,0,52612,49,8,141,92,16,115,15,2157,20/06/07,31/01/11,"Médecin O.R.L.",
"Éric Jalton","Guadeloupe 1","SRC",43,3,0,0,0,89,40,0,11234,12,2,548,51,0,35,0,107,20/06/07,31/01/11,"Dentiste",
"Serge Janquin","Pas-de-Calais 10","SRC",43,74,30,0,7206,31,23,0,5386,7,4,330,4,0,37,1,30,20/06/07,31/01/11,"Professeur certifié de sciences économiques et sociales, enseignement secondaire",
"Olivier Jardé","Somme 2","NC",43,92,93,0,11190,275,200,0,32802,55,19,716,144,12,67,7,175,20/06/07,31/01/11,"Professeur de chirurgie, professeur de droit de la santé",
"Paul Jeanneteau","Maine-et-Loire 1","UMP",42,133,73,0,10389,131,56,0,16252,31,7,191,48,4,105,2,106,20/07/07,31/01/11,"Pharmacien d'officine",
"Yves Jego","Seine-et-Marne 3","UMP",28,33,0,0,0,73,43,0,7624,14,2,236,17,0,13,1,28,"20/06/07","31/01/11","Consultant en ressources humaines","mandat discontinu"
"Henri Jibrayel","Bouches-du-Rhône 4","SRC",43,79,116,61,3762,283,76,0,11180,20,10,703,22,0,40,0,164,20/06/07,31/01/11,"Retraité des entreprises publiques",
"Maryse Joissains-Masini","Bouches-du-Rhône 14","UMP",43,42,27,0,2033,21,6,0,1591,2,1,106,17,1,106,0,213,20/06/07,31/01/11,"Avocat",
"Marc Joulaud","Sarthe 4","UMP",42,89,29,0,4315,25,16,0,4600,10,7,11,3,0,63,1,65,20/07/07,31/01/11,,
"Alain Joyandet","Haute-Saône 1","UMP",6,5,0,0,0,0,0,0,0,0,0,0,0,0,0,0,14,05/08/10,31/01/11,"Editeur",
"Régis Juanico","Loire 1","SRC",43,220,141,0,35786,1170,406,0,84644,101,11,2362,125,0,42,6,151,20/06/07,31/01/11,"Fonctionnaire territorial",
"Didier Julia","Seine-et-Marne 2","UMP",43,69,47,0,6113,7,5,0,597,3,0,12,2,5,37,2,63,20/06/07,31/01/11,"Professeur d'Université",
"Armand Jung","Bas-Rhin 1","SRC",43,60,6,0,363,66,58,0,14661,21,11,1940,52,5,22,0,148,20/06/07,31/01/11,"Fonctionnaire territorial",
"Marietta Karamanli","Sarthe 2","SRC",43,203,158,0,41243,285,245,0,70669,87,11,3061,74,0,33,8,410,20/06/07,31/01/11,"Professeur du secondaire et techn.",
"Christian Kert","Bouches-du-Rhône 11","UMP",43,180,245,50,35540,608,441,0,50388,46,7,161,102,0,45,9,59,20/06/07,31/01/11,"Cadre administratif",
"Nathalie Kosciusko-Morizet","Essonne 4","UMP",1,0,0,0,0,0,0,0,0,0,0,0,0,0,0,0,0,20/06/07,19/07/07,"Ingénieur",
"Jacques Kossowski","Hauts-de-Seine 3","UMP",43,78,19,2,5738,244,172,0,24053,19,7,160,56,0,24,3,34,20/06/07,31/01/11,"Dirigeant d'entreprise",
"Jean-Pierre Kucheida","Pas-de-Calais 12","SRC",43,90,68,0,15530,51,15,0,2940,7,7,316,6,0,39,7,256,20/06/07,31/01/11,"Professeur certifié",
"Laure de La Raudière","Eure-et-Loir 3","UMP",43,204,303,30,32968,1165,469,0,58106,64,11,439,149,0,136,8,64,20/06/07,31/01/11,"Chef d'entreprise",
"Charles de La Verpillière","Ain 2","UMP",43,140,158,0,19517,715,263,0,39836,33,6,92,55,0,36,18,33,20/06/07,31/01/11,"Conseiller d'Etat",
"Patrick Labaune","Drôme 1","UMP",43,96,42,0,4808,16,0,0,103,0,0,87,19,0,134,1,96,20/06/07,31/01/11,"Enseignant",
"Fabienne Labrette-Ménager","Sarthe 1","UMP",43,182,117,44,9566,280,46,0,10737,22,4,190,62,5,60,0,66,20/06/07,31/01/11,"Administrateur de sociétés",
"Yvan Lachaud","Gard 1","NC",43,40,37,1,6986,190,159,0,32523,45,17,122,24,8,69,1,738,20/06/07,31/01/11,"Chef d'établissement scolaire",
"Conchita Lacuey","Gironde 4","SRC",43,47,3,0,149,6,5,0,1075,2,2,300,19,0,24,0,69,20/06/07,31/01/11,"Cadre comptable",
"Marc Laffineur","Maine-et-Loire 7","UMP",43,116,144,0,27293,20893,4389,20481,365893,240,4,123,76,0,10,14,35,20/06/07,31/01/11,"Médecin anesthésiste-réanimateur",
"Jean-Christophe Lagarde","Seine-Saint-Denis 5","NC",43,80,161,0,33235,2153,859,891,178192,104,15,328,38,23,25,1,172,20/06/07,31/01/11,"Attaché de direction",
"Jérôme Lambert","Charente 3","SRC",43,243,289,1,62814,300,74,0,24417,22,1,553,12,0,24,13,41,20/06/07,31/01/11,"Cadre de l'industrie",
"Jacques Lamblin","Meurthe-et-Moselle 4","UMP",43,83,43,0,6551,135,92,0,12956,29,7,56,19,0,72,1,106,20/06/07,31/01/11,"Vétérinaire",
"Marguerite Lamour","Finistère 3","UMP",43,82,30,0,11890,38,37,0,11258,16,8,380,63,0,145,4,229,20/06/07,31/01/11,"Assistante administrative",
"Jean-François Lamour","Paris 13","UMP",43,179,319,0,30270,841,487,0,73306,49,5,137,72,3,25,6,35,20/06/07,31/01/11,"Kinésithérapeute",
"François Lamy","Essonne 6","SRC",43,43,84,0,17053,98,36,0,7921,4,0,278,9,0,29,0,210,20/06/07,31/01/11,"Instituteur",
"Jack Lang","Pas-de-Calais 6","SRC",43,30,17,0,8092,1,0,0,5,0,0,227,0,0,9,0,144,20/06/07,31/01/11,"Professeur agrégé de droit public",
"Pierre Lang","Moselle 6","UMP",43,69,26,0,4273,22,14,0,2329,5,2,20,4,2,18,1,37,20/06/07,31/01/11,"Biologiste, directeur d'un laboratoire d'analyses médicales",
"Colette Langlade","Dordogne 3","SRC",35,144,83,0,15354,105,85,0,22620,35,11,1897,55,0,20,0,261,07/03/08,31/01/11,"Professeur",
"Pierre Lasbordes","Essonne 5","UMP",43,111,171,0,13288,48,32,0,9995,14,5,150,55,0,102,8,153,20/06/07,31/01/11,"Directeur commercial",
"Jean Lassalle","Pyrénées-Atlantiques 4","NI",43,31,21,0,2638,205,114,0,31708,41,1,54,3,0,17,0,38,20/06/07,31/01/11,"Technicien agricole",
"Jean Launay","Lot 2","SRC",43,214,215,2,35566,675,372,0,88256,80,6,1930,86,0,41,7,165,20/06/07,31/01/11,"Inspecteur du Trésor",
"Thierry Lazaro","Nord 6","UMP",43,62,10,0,1648,23,16,0,3032,9,2,653,82,4,142,0,1600,20/06/07,31/01/11,"Chargé de communication",
"Jean-Yves Le Bouillonnec","Val-de-Marne 11","SRC",43,136,290,0,39648,2351,1267,0,236904,140,13,2457,149,0,40,4,79,20/06/07,31/01/11,"Avocat",
"Gilbert Le Bris","Finistère 8","SRC",43,126,65,0,11588,77,43,0,14365,12,2,377,8,0,28,0,107,20/06/07,31/01/11,"Commerçant",
"Jean-Yves Le Déaut","Meurthe-et-Moselle 6","SRC",43,131,175,0,24538,514,322,0,59824,42,4,1440,80,0,37,2,435,20/06/07,31/01/11,"Professeur d'Université",
"Marc Le Fur","Côtes-d'Armor 3","UMP",43,114,152,0,18818,20516,4286,20040,370378,247,5,563,88,33,175,4,2237,20/06/07,31/01/11,"Sous-préfet",
"Jacques Le Guen","Finistère 5","UMP",43,48,18,0,13163,17,11,0,2866,7,5,75,10,1,14,2,48,20/06/07,31/01/11,"Docteur en médecine",
"Jean-Marie Le Guen","Paris 9","SRC",43,55,84,0,9470,5586,1722,4204,177224,118,9,1379,95,1,14,0,16,20/06/07,31/01/11,"Médecin ",
"Annick Le Loch","Finistère 7","SRC",43,252,94,0,11625,120,106,0,32107,41,10,2640,117,0,40,0,204,20/06/07,31/01/11,"Commercant",
"Bruno Le Maire","Eure 1","UMP",19,29,14,0,4294,93,81,0,17040,19,3,6,4,0,5,2,13,20/06/07,13/01/09,"Grands corps de l'Etat",
"Dominique Le Mèner","Sarthe 5","UMP",43,102,19,0,3696,48,20,0,5224,11,6,26,11,0,105,2,50,20/06/07,31/01/11,"Juriste",
"Colette Le Moal","Yvelines 3","NC",28,78,30,1,3825,129,116,0,31877,38,7,32,10,1,17,1,25,19/04/08,05/08/10,,
"Jacques Le Nay","Morbihan 6","UMP",43,108,35,0,5779,9,8,0,2207,4,3,8,2,2,92,4,261,20/06/07,31/01/11,"Horticulteur",
"Bruno Le Roux","Seine-Saint-Denis 1","SRC",43,94,92,2,14948,1407,674,0,130702,84,22,1501,59,0,34,2,245,20/06/07,31/01/11,"Consultant en gestion et management",
"Marylise Lebranchu","Finistère 4","SRC",43,35,39,0,3443,1149,464,0,81640,93,7,1818,27,0,43,1,143,20/06/07,31/01/11,"Vacataire professionnelle à l'Université",
"Patrick Lebreton","Réunion 4","SRC",43,55,99,18,13412,92,78,0,21602,31,11,1783,149,4,16,0,346,20/06/07,31/01/11,"Fonctionnaire de catégorie B",
"Jean-Paul Lecoq","Seine-Maritime 6","GDR",43,180,210,0,27761,1023,424,0,156060,96,14,3047,86,2,92,1,74,20/06/07,31/01/11,"Fonctionnaire de catégorie B",
"Robert Lecou","Hérault 4","UMP",43,226,172,0,30176,208,110,0,26699,43,13,79,12,1,25,14,165,20/06/07,31/01/11,"Cadre territorial",
"Michel Lefait","Pas-de-Calais 8","SRC",43,67,14,0,2691,88,14,0,3104,6,6,557,11,0,34,0,454,20/06/07,31/01/11,"Professeur de collège",
"Frédéric Lefebvre","Hauts-de-Seine 10","UMP",24,58,59,0,14509,1288,748,0,84566,79,3,115,44,7,17,4,264,20/07/07,24/07/09,,
"Jean-Marc Lefranc","Calvados 5","UMP",43,63,11,0,1151,42,5,0,876,2,1,365,50,0,107,0,27,20/06/07,31/01/11,,
"Guy Lefrand","Eure 1","UMP",25,99,127,0,15136,485,193,0,35893,42,4,162,59,3,50,3,25,13/01/09,31/01/11,"Médecin",
"Michel Lejeune","Seine-Maritime 12","UMP",43,91,32,0,5806,18,5,0,1681,4,1,167,28,0,171,3,4,20/06/07,31/01/11,"Vétérinaire",
"Pierre Lellouche","Paris 4","UMP",25,20,30,0,11518,233,100,0,14279,13,2,17,9,2,5,0,9,20/06/07,23/07/09,"Avocat et universitaire",
"Patrick Lemasle","Haute-Garonne 7","SRC",43,74,20,0,1487,393,4,0,2875,3,0,1175,49,0,41,4,101,20/06/07,31/01/11,"Exploitant agricole",
"Catherine Lemorton","Haute-Garonne 1","SRC",43,158,368,0,38134,1108,759,0,122859,129,11,2512,111,0,38,2,57,20/06/07,31/01/11,"Pharmacien",
"Jean-Claude Lenoir","Orne 2","UMP",43,136,363,0,30411,581,226,0,26152,17,2,79,53,0,16,6,232,20/06/07,31/01/11,"Cadre EDF",
"Jean-Louis Léonard","Charente-Maritime 2","UMP",43,99,301,0,19644,204,137,0,22338,14,5,84,41,0,66,3,45,20/06/07,31/01/11,"Ingénieur",
"Jean Leonetti","Alpes-Maritimes 7","UMP",43,60,248,0,35550,464,201,0,30549,40,7,36,15,4,7,5,20,20/06/07,31/01/11,"Praticien hospitalier",
"Annick Lepetit","Paris 17","SRC",43,58,98,0,9121,526,294,0,49995,38,6,1553,102,0,23,0,22,20/06/07,31/01/11,,
"Pierre Lequiller","Yvelines 4","UMP",43,200,56,48,12354,330,197,0,46402,43,6,2,0,0,5,31,15,20/06/07,31/01/11,"Cadre de banque",
"Jean-Claude Leroy","Pas-de-Calais 3","SRC",43,73,13,0,788,11,10,0,3349,8,5,1662,35,0,27,0,282,20/06/07,31/01/11,"Attaché territorial",
"Maurice Leroy","Loir-et-Cher 3","NC",42,10,20,0,2624,8112,1795,7856,144133,73,3,52,15,5,32,0,251,20/06/07,15/12/10,"Économiste",
"Bernard Lesterlin","Allier 2","SRC",43,138,194,4,21486,130,102,0,23142,32,6,1444,78,0,38,0,57,20/06/07,31/01/11,"Administrateur civil",
"Serge Letchimy","Martinique 3","SRC",43,65,222,0,22188,491,377,0,97118,73,8,2506,233,0,24,1,19,20/06/07,31/01/11,"Urbaniste",
"Claude Leteurtre","Calvados 3","NC",43,75,74,0,5682,189,162,0,34240,48,16,394,41,1,22,0,21,20/06/07,31/01/11,"Chirurgien orthopédiste",
"Céleste Lett","Moselle 5","UMP",43,119,15,0,3258,62,15,0,2153,6,5,26,8,0,37,0,10,20/06/07,31/01/11,"Cadre hospitalier",
"Geneviève Levy","Var 1","UMP",43,91,42,7,7128,14,11,0,1913,6,2,115,34,1,155,1,38,20/06/07,31/01/11,"Expert foncier et commercial",
"Michel Lezeau","Indre-et-Loire 4","UMP",41,103,2,0,102,17,8,0,1764,7,5,200,35,2,78,0,130,20/07/07,14/12/10,"Directeur financier",
"Michel Liebgott","Moselle 10","SRC",43,83,68,0,13803,309,277,0,57630,52,10,1601,54,0,41,0,1396,20/06/07,31/01/11,"Inspecteur des affaires sanitaires et sociales",
"Martine Lignières-Cassou","Pyrénées-Atlantiques 1","SRC",43,46,7,0,516,20,9,0,2023,5,4,545,39,0,32,0,256,20/06/07,31/01/11,"Chargée d'études à la DDE des Pyrénées-Atlantiques",
"Apeleto Albert Likuvalu","Wallis-et-Futuna 1","SRC",43,47,3,0,142,111,73,0,17737,37,11,1013,68,0,25,0,4,20/06/07,31/01/11,"Retraité de l'enseignement",
"François Loncle","Eure 4","SRC",43,214,150,0,23951,297,105,0,24704,38,9,159,5,0,34,4,95,20/06/07,31/01/11,"Journaliste",
"François Loos","Bas-Rhin 9","UMP",43,100,137,0,12855,282,193,0,17714,14,5,202,87,0,26,4,124,20/06/07,31/01/11,"Ingénieur en chef des mines",
"Gérard Lorgeoux","Morbihan 3","UMP",43,37,0,0,0,9,8,0,1229,4,4,150,23,0,99,0,58,20/06/07,31/01/11,"Imprimeur",
"Gabrielle Louis-Carabin","Guadeloupe 2","UMP",43,50,26,1,1267,96,62,0,17013,27,10,273,51,0,33,0,6,20/06/07,31/01/11,"Agent de contrôle retraitée",
"Lionnel Luca","Alpes-Maritimes 6","UMP",43,248,145,0,21809,344,119,0,21865,31,10,836,134,26,327,4,159,20/06/07,31/01/11,"Professeur d'histoire-géographie",
"Victorin Lurel","Guadeloupe 4","SRC",43,43,157,0,15277,609,359,0,104698,69,2,2150,181,2,22,2,13,20/06/07,31/01/11,"Fonctionnaire territorial",
"Daniel Mach","Pyrénées-Orientales 1","UMP",43,45,5,0,2626,154,13,0,4817,4,3,117,19,4,88,1,108,20/06/07,31/01/11,"Cadre commercial",
"Guy Malherbe","Essonne 4","UMP",42,158,54,0,4756,100,48,0,11975,21,5,124,22,0,57,0,39,20/07/07,31/01/11,"Administrateur civil hors classe",
"Richard Mallié","Bouches-du-Rhône 10","UMP",43,89,212,0,22205,1308,450,0,60066,64,5,149,41,18,81,3,273,20/06/07,31/01/11,"Docteur en chirurgie dentaire",
"Jean Mallot","Allier 3","SRC",43,244,1087,794,73122,5830,1786,0,311659,200,17,2575,125,0,30,4,57,20/06/07,31/01/11,"Contrôleur général économique et financier",
"Noël Mamère","Gironde 3","GDR",43,67,214,0,28379,2479,1624,0,301663,129,14,1987,51,9,27,1,25,20/06/07,31/01/11,"Journaliste",
"Jean-François Mancel","Oise 2","UMP",43,292,245,13,26603,166,126,0,22119,28,3,61,22,12,23,9,107,20/06/07,31/01/11,"Administrateur civil",
"Louis-Joseph Manscour","Martinique 1","SRC",43,67,53,0,6013,159,117,0,26013,46,7,2057,178,0,37,0,55,20/06/07,31/01/11,"Professeur de collège",
"Jacqueline Maquet","Pas-de-Calais 1","SRC",43,74,12,0,1138,57,43,0,8876,17,10,989,51,0,37,0,221,20/06/07,31/01/11,"Directrice de mission",
"Alain Marc","Aveyron 3","UMP",43,103,68,0,8535,16,15,0,3884,13,3,90,19,0,109,0,135,20/06/07,31/01/11,"Retraité de l'enseignement",
"Jeanny Marc","Guadeloupe 3","SRC",43,44,33,0,3667,141,101,0,24528,38,11,943,80,1,14,0,7,20/06/07,31/01/11,"Retraité de l'enseignement",
"Marie-Lou Marcel","Aveyron 2","SRC",43,178,64,0,10923,138,128,0,27136,37,11,2807,143,0,39,0,260,20/06/07,31/01/11,"Responsable Ressources Humaines en dispense d'activité",
"Jean-Pierre Marcon","Haute-Loire 1","UMP",42,118,65,0,7526,101,76,0,13201,24,7,228,27,1,136,0,30,20/07/07,31/01/11,"Cadre bancaire",
"Thierry Mariani","Vaucluse 4","UMP",42,143,310,2,70329,1214,650,0,97415,69,15,229,102,16,334,27,489,20/06/07,15/12/10,"Cadre",
"Alfred Marie-Jeanne","Martinique 4","GDR",43,11,6,0,741,106,87,0,31256,51,26,410,16,0,6,0,13,20/06/07,31/01/11,"Professeur de mathématiques",
"Christine Marin","Nord 23","UMP",43,69,11,0,1160,43,38,0,7608,16,9,107,14,1,75,0,61,20/06/07,31/01/11,"Commerçante",
"Hervé Mariton","Drôme 3","UMP",43,194,338,4,46392,468,311,0,59428,66,3,154,51,1,23,11,56,20/06/07,31/01/11,"Ingénieur en chef des mines",
"Muriel Marland-Militello","Alpes-Maritimes 2","UMP",43,80,115,0,16260,268,166,0,25135,39,5,706,120,10,190,1,406,20/06/07,31/01/11,,
"Alain Marleix","Cantal 2","UMP",2,4,0,0,0,0,0,0,0,0,0,0,0,0,0,0,3,14/12/10,31/01/11,"Ancien journaliste",
"Franck Marlin","Essonne 2","UMP",43,5,7,0,282,3,1,0,487,1,0,109,17,7,70,0,164,20/06/07,31/01/11,,
"Jean-René Marsac","Ille-et-Vilaine 4","SRC",43,113,14,0,1076,68,50,0,14601,25,7,1760,58,0,40,0,120,20/06/07,31/01/11,"Cadre",
"Philippe Martin","Gers 1","SRC",43,75,22,2,3993,293,109,0,17135,33,9,1707,97,0,25,0,37,20/06/07,31/01/11,"Préfet",
"Philippe Armand Martin","Marne 6","UMP",43,135,86,0,12000,84,66,0,14095,35,10,393,53,13,202,5,310,20/06/07,31/01/11,"Viticulteur",
"Martine Martinel","Haute-Garonne 4","SRC",43,127,79,0,10730,123,93,0,16826,34,9,1779,42,0,47,1,114,20/06/07,31/01/11,"Enseignant",
"Henriette Martinez","Hautes-Alpes 1","UMP",43,101,79,0,20986,180,126,0,27489,38,8,169,31,6,178,6,60,20/06/07,31/01/11,"Professeur certifié",
"Patrice Martin-Lalande","Loir-et-Cher 2","UMP",43,175,182,13,27319,1054,301,0,59504,67,7,389,75,0,192,6,83,20/06/07,31/01/11,"Cadre administratif",
"Alain Marty","Moselle 4","UMP",43,103,17,0,2255,74,27,0,6576,15,12,24,6,1,46,1,182,20/06/07,31/01/11,"Gynécologue obstétricien",
"Jacques Masdeu-Arus","Yvelines 12","UMP",26,22,4,0,289,16,1,0,340,1,1,42,11,0,43,0,20,20/06/07,06/08/09,"Ingénieur conseil",
"Frédérique Massat","Ariège 1","SRC",43,271,200,0,22552,367,302,0,56262,91,7,3312,183,0,40,0,155,20/06/07,31/01/11,"Fonctionnaire territoriale",
"Jean-Claude Mathis","Aube 2","UMP",43,171,56,0,11054,141,110,0,23879,28,10,161,42,1,139,4,276,20/06/07,31/01/11,"Directeur de société",
"Gilbert Mathon","Somme 4","SRC",43,78,16,0,1966,9,7,0,3315,5,3,374,4,0,34,0,63,20/06/07,31/01/11,"Retraité de l'enseignement",
"Didier Mathus","Saône-et-Loire 4","SRC",43,139,147,15,24794,829,619,0,91477,62,10,706,28,1,27,6,76,20/06/07,31/01/11,"Enseignant",
"Jean-Philippe Maurer","Bas-Rhin 2","UMP",43,64,8,0,1971,51,45,0,11945,22,9,151,20,8,141,0,61,20/06/07,31/01/11,"Assistant parlementaire",
"Sandrine Mazetier","Paris 8","SRC",43,119,219,0,31928,1648,1015,0,157124,136,5,2298,62,1,30,2,25,20/06/07,31/01/11,"Cadre supérieur (secteur privé)",
"Pierre Méhaignerie","Ille-et-Vilaine 5","UMP",43,302,1250,1235,88020,1052,721,0,76939,168,4,77,29,1,12,3,0,20/06/07,31/01/11,"Ingénieur du génie rural et des eaux et forêts",
"Michel Ménard","Loire-Atlantique 5","SRC",43,102,43,0,8211,357,175,0,32417,48,9,1548,58,0,49,0,118,20/06/07,31/01/11,"Professeur des écoles",
"Christian Ménard","Finistère 6","UMP",43,119,77,1,16997,135,60,0,10143,22,5,682,98,5,297,2,220,20/06/07,31/01/11,"Médecin",
"Gérard Menuel","Aube 3","UMP",9,38,7,0,364,10,7,0,2008,6,3,7,2,0,9,0,28,23/04/10,31/01/11,"Agriculteur",
"Damien Meslot","Territoire-de-Belfort 1","UMP",43,69,43,0,5356,76,60,0,13289,17,8,35,12,14,88,2,445,20/06/07,31/01/11,"Cadre bancaire",
"Kléber Mesquida","Hérault 5","SRC",43,62,10,0,2081,74,35,0,10594,16,5,1335,61,0,24,0,537,20/06/07,31/01/11,"Ingénieur",
"Philippe Meunier","Rhône 13","UMP",43,150,30,0,5633,136,34,0,5581,13,7,172,29,0,58,2,112,20/06/07,31/01/11,"Directeur de cabinet",
"Jean Michel","Puy-de-Dôme 6","SRC",43,89,92,0,16307,105,9,0,4552,4,0,174,6,0,15,0,75,20/06/07,31/01/11,"Avocat",
"Didier Migaud","Isère 4","SRC",32,399,1078,1057,92937,1447,995,0,165193,127,7,431,38,0,34,7,1,20/06/07,01/03/10,"Juriste",
"Jean-Claude Mignon","Seine-et-Marne 1","UMP",43,82,24,6,10171,17,15,0,6743,9,7,21,6,0,26,14,86,20/06/07,31/01/11,"Ancien chef d'entreprise",
"Gérard Millet","Seine-et-Marne 3","UMP",15,25,1,0,84,4,2,0,278,1,1,0,0,0,21,0,0,20/04/08,24/07/09,"Proviseur-adjoint en retraite",
"Marie-Anne Montchamp","Val-de-Marne 7","UMP",42,139,222,0,29064,298,222,0,37823,67,6,111,36,1,40,7,0,20/06/07,15/12/10,,
"Arnaud Montebourg","Saône-et-Loire 6","SRC",43,32,58,0,15238,1228,571,0,84941,56,6,1214,48,0,29,1,78,20/06/07,31/01/11,"Avocat ",
"Pierre Morange","Yvelines 6","UMP",43,235,1609,1477,96064,157,102,0,16068,17,2,135,62,0,44,3,50,20/06/07,31/01/11,"Médecin généraliste",
"Nadine Morano","Meurthe-et-Moselle 5","UMP",10,6,0,0,0,53,24,0,2715,3,1,3,1,0,9,0,6,20/06/07,19/04/08,"Responsable de la communication du parc naturel régional de Lorraine",
"Pierre Morel-A-L'Huissier","Lozère 2","UMP",43,120,141,5,17045,528,321,0,52488,61,13,687,136,44,283,7,2601,20/06/07,31/01/11,"Avocat",
"Philippe Morenvillier","Meurthe-et-Moselle 5","UMP",33,80,8,0,1345,27,27,0,4593,10,5,35,9,0,17,0,105,20/04/08,31/01/11,"Chef d'entreprise",
"Hervé Morin","Eure 3","NC",2,2,0,0,0,0,0,0,0,0,0,0,0,0,0,0,0,14/12/10,31/01/11,"Administrateur à l'Assemblée nationale",
"Jean-Marie Morisset","Deux-Sèvres 3","UMP",43,206,21,0,2693,13,13,0,7385,8,1,86,8,1,140,0,342,20/06/07,31/01/11,"Directeur informatique",
"Pierre Moscovici","Doubs 4","SRC",43,70,9,0,4421,137,124,0,35417,23,4,881,32,0,30,1,74,20/06/07,31/01/11,"Conseiller maître à la cour des comptes",
"Georges Mothron","Val-d'Oise 5","UMP",43,89,11,0,1059,67,29,0,6448,15,6,168,29,3,83,1,52,20/06/07,31/01/11,"Chef des ventes",
"Étienne Mourrut","Gard 2","UMP",43,65,5,0,714,18,15,0,3083,11,8,218,28,6,177,0,434,20/06/07,31/01/11,"Commerçant retraité",
"Alain Moyne-Bressand","Isère 6","UMP",43,99,65,0,10010,66,61,0,8718,13,6,77,11,7,201,6,92,20/06/07,31/01/11,"Chef d'entreprise",
"Pierre-Alain Muet","Rhône 2","SRC",43,169,305,6,44066,1106,829,0,155656,127,15,2094,56,0,32,6,61,20/06/07,31/01/11,"Inspecteur général des finances",
"Renaud Muselier","Bouches-du-Rhône 5","UMP",43,64,41,12,13525,128,45,0,6944,11,7,47,8,1,27,2,62,20/06/07,31/01/11,"Médecin coordonnateur d'un établissement hospitalier privé",
"Roland Muzeau","Hauts-de-Seine 1","GDR",43,96,273,0,34199,5380,1475,0,394032,205,15,3595,133,7,88,0,12,20/06/07,31/01/11,"Ajusteur-outilleur",
"Jacques Myard","Yvelines 5","UMP",43,308,632,0,81016,1994,454,0,77332,94,9,354,54,19,105,3,44,20/06/07,31/01/11,"Conseiller des affaires étrangères",
"Philippe Nauche","Corrèze 2","SRC",43,68,54,0,7337,48,36,0,11165,13,2,266,15,0,36,2,138,20/06/07,31/01/11,"Médecin hospitalier",
"Henri Nayrou","Ariège 2","SRC",43,207,98,0,14771,407,244,0,56500,51,6,2464,102,0,28,4,24,20/06/07,31/01/11,"Journaliste",
"Alain Néri","Puy-de-Dôme 2","SRC",43,91,140,0,21518,7756,1949,5926,205451,123,6,1184,73,1,39,7,144,20/06/07,31/01/11,"Retraité de l'Education nationale",
"Jean-Marc Nesme","Saône-et-Loire 2","UMP",43,77,26,0,7013,25,11,0,1435,2,0,85,12,3,185,3,251,20/06/07,31/01/11,"Cadre consulaire",
"Jean-Pierre Nicolas","Eure 2","UMP",43,194,108,0,15349,163,106,0,25034,37,14,150,30,8,112,2,77,20/06/07,31/01/11,"Ingénieur",
"Yves Nicolin","Loire 5","UMP",43,71,89,0,4910,491,123,0,20210,28,9,77,36,6,53,2,110,20/06/07,31/01/11,"Gestionnaire",
"Hervé Novelli","Indre-et-Loire 4","UMP",2,6,1,0,13,0,0,0,0,0,0,0,0,0,0,0,0,14/12/10,31/01/11,"Gérant de sociétés",
"Marie-Renée Oget","Côtes-d'Armor 4","SRC",43,49,6,0,678,13,11,0,2331,6,2,699,48,0,35,0,101,20/06/07,31/01/11,"Directrice d'association",
"Françoise Olivier-Coupeau","Morbihan 5","SRC",43,93,249,0,22037,209,133,0,26783,29,7,673,16,0,31,1,120,20/06/07,31/01/11,"Chargée de mission auprès d'une collectivité territoriale",
"Patrick Ollier","Hauts-de-Seine 7","UMP",42,332,1503,1447,130388,2819,1118,0,151136,158,2,132,81,4,10,4,0,20/06/07,15/12/10,"Cadre de société",
"Dominique Orliac","Lot 1","SRC",43,79,15,0,2128,96,94,0,30547,37,13,1900,119,1,27,0,102,20/06/07,31/01/11,"Médecin",
"Michel Pajon","Seine-Saint-Denis 13","SRC",43,40,12,0,1716,7,0,0,54,0,0,685,26,0,28,0,85,20/06/07,31/01/11,"Maître de conférence en économie (Paris I)",
"Françoise de Panafieu","Paris 16","UMP",43,102,62,0,7943,164,79,0,12534,23,5,46,23,0,22,1,36,20/06/07,31/01/11,,
"Bertrand Pancher","Meuse 1","UMP",43,154,343,0,33905,445,190,0,41655,68,7,306,111,0,83,5,104,20/06/07,31/01/11,"Directeur du développement",
"Yanick Paternotte","Val-d'Oise 9","UMP",43,156,239,0,30245,477,288,0,46732,59,11,505,104,3,94,3,7,20/06/07,31/01/11,"Docteur en pharmacie",
"Christian Patria","Oise 4","UMP",41,43,91,0,5296,22,17,0,3170,8,3,46,13,0,39,1,34,20/07/07,14/12/10,"Agriculteur",
"Christian Paul","Nièvre 3","SRC",43,102,122,3,15633,2681,858,0,140560,88,8,1816,128,0,25,0,28,20/06/07,31/01/11,"Administrateur civil",
"Daniel Paul","Seine-Maritime 8","GDR",43,191,353,1,59166,1666,881,0,206562,104,11,3129,109,4,91,6,226,20/06/07,31/01/11,"Instituteur",
"George Pau-Langevin","Paris 21","SRC",43,139,171,0,23129,678,421,0,86966,84,14,1503,40,0,25,3,48,20/06/07,31/01/11,"Avocate",
"Béatrice Pavy","Sarthe 3","UMP",43,102,9,0,4599,22,18,0,10908,11,4,77,20,0,44,4,45,20/06/07,31/01/11,"Comptable",
"Valérie Pecresse","Yvelines 2","UMP",1,0,0,0,0,0,0,0,0,0,0,0,0,0,0,0,0,20/06/07,19/07/07,"Maître des requêtes au Conseil d'Etat",
"Germinal Peiro","Dordogne 4","SRC",43,72,144,0,17664,970,535,0,82502,56,10,1910,69,4,19,3,179,20/06/07,31/01/11,"Instituteur",
"Jacques Pélissard","Jura 1","UMP",43,63,22,0,3283,125,82,0,13352,24,3,151,29,1,25,4,57,20/06/07,31/01/11,"Avocat",
"Philippe Pemezec","Hauts-de-Seine 12","UMP",5,5,0,0,0,20,4,0,413,3,1,0,0,0,6,1,2,20/06/07,29/11/07,"Chef d'entreprise",
"Jean-Luc Pérat","Nord 24","SRC",43,179,133,0,14515,79,69,0,20734,33,13,879,63,0,41,0,223,20/06/07,31/01/11,"Professeur de l'enseignement secondaire et technique",
"Dominique Perben","Rhône 4","UMP",43,123,215,4,16452,445,292,0,40321,29,5,74,58,1,31,4,103,20/06/07,31/01/11,"Sous-préfet",
"Jean-Claude Perez","Aude 1","SRC",43,19,2,0,110,19,5,0,1838,3,3,318,3,1,39,0,123,20/06/07,31/01/11,"Secrétaire de mairie",
"Marie-Françoise Pérol-Dumont","Haute-Vienne 3","SRC",43,77,84,28,21100,161,69,0,18141,23,8,683,28,0,32,0,270,20/06/07,31/01/11,"Professeur de collège (en détachement depuis 1997)",
"Nicolas Perruchot","Loir-et-Cher 1","NC",43,137,214,0,19725,596,451,0,104885,98,18,651,83,1,31,5,43,20/06/07,31/01/11,"Consultant en entreprise",
"Bernard Perrut","Rhône 9","UMP",43,170,163,23,42692,200,142,0,28989,36,8,122,32,1,261,4,937,20/06/07,31/01/11,"Avocat",
"Sylvia Pinel","Tarn-et-Garonne 2","SRC",43,76,11,0,2936,81,76,0,25497,37,9,955,46,2,27,0,56,20/06/07,31/01/11,"Collaborateur de cabinet",
"Étienne Pinte","Yvelines 1","UMP",43,109,179,0,36300,359,309,0,58027,74,6,253,68,1,45,2,51,20/06/07,31/01/11,"Cadre d'un établissement public",
"Martine Pinville","Charente 4","SRC",43,92,23,0,2897,134,123,0,28496,48,6,1367,121,0,23,1,81,20/06/07,31/01/11,"Retraitée de la fonction publique",
"Michel Piron","Maine-et-Loire 4","UMP",43,213,766,0,75205,1935,895,0,115151,91,6,554,374,0,33,8,29,20/06/07,31/01/11,"Enseignant, puis chef d'entreprise",
"Henri Plagnol","Val-de-Marne 1","UMP",43,61,36,0,11932,115,60,0,8527,8,4,21,2,0,65,3,13,20/06/07,31/01/11,"Conseiller d'État - Professeur associé à Paris Dauphine",
"Philippe Plisson","Gironde 11","SRC",43,166,134,0,15997,300,142,0,20631,37,12,1775,58,0,37,4,98,20/06/07,31/01/11,"Retraité de l'enseignement",
"Serge Poignant","Loire-Atlantique 10","UMP",43,325,575,221,65044,611,424,0,60874,85,10,297,170,0,30,5,66,20/06/07,31/01/11,"Retraité du C.N.R.S.",
"Jean-Frédéric Poisson","Yvelines 10","UMP",32,110,103,0,20353,1394,608,0,89720,78,9,313,141,6,77,7,202,"20/07/07","20/05/10","Chef d'entreprise","mandat discontinu"
"Bérengère Poletti","Ardennes 1","UMP",43,129,124,0,23279,250,124,0,20782,42,9,289,81,5,165,8,865,20/06/07,31/01/11,"Sage-femme",
"Axel Poniatowski","Val-d'Oise 2","UMP",43,322,663,649,89841,241,215,0,56216,51,9,27,6,1,65,3,119,20/06/07,31/01/11,"Directeur de société",
"Josette Pons","Var 6","UMP",43,136,10,0,649,19,16,0,4897,9,8,178,36,0,168,0,52,20/06/07,31/01/11,,
"Daniel Poulou","Pyrénées-Atlantiques 6","UMP",42,79,0,0,0,17,5,0,2116,5,4,45,12,0,32,0,8,20/07/07,31/01/11,"Directeur de société",
"Anny Poursinoff","Yvelines 10","GDR",7,28,24,0,1955,106,84,0,14281,21,3,110,3,0,2,0,18,12/07/10,31/01/11,"Infirmière",
"Jean-Luc Préel","Vendée 1","NC",43,141,466,14,43145,1016,752,0,155759,102,12,488,63,0,23,1,192,20/06/07,31/01/11,"Chef de service hospitalier",
"Sophie Primas","Yvelines 9","UMP",8,26,1,0,39,14,7,0,2223,5,2,19,4,0,5,0,12,11/06/10,31/01/11,"Directrice commerciale",
"Christophe Priou","Loire-Atlantique 7","UMP",43,63,25,0,3099,18,9,0,4618,5,3,9,2,0,59,4,90,20/06/07,31/01/11,"Cadre de chambre de commerce et d'industrie ",
"Jean Proriol","Haute-Loire 2","UMP",43,270,226,4,18399,374,229,0,31447,45,9,421,92,0,65,2,78,20/06/07,31/01/11,"Ancien cadre",
"François Pupponi","Val-d'Oise 8","SRC",38,108,94,0,11099,957,615,0,96610,83,4,1799,113,0,21,1,6,16/12/07,31/01/11,"Directeur divisionnaire des Impôts",
"Didier Quentin","Charente-Maritime 5","UMP",43,209,200,1,47441,179,117,0,28889,26,10,163,29,0,219,18,160,20/06/07,31/01/11,"Ministre plénipotentiaire",
"Catherine Quéré","Charente-Maritime 3","SRC",43,182,172,0,9343,161,99,0,18420,45,10,2171,82,0,40,0,229,20/06/07,31/01/11,"Viticultrice",
"Jean-Jack Queyranne","Rhône 7","SRC",43,27,5,0,1172,35,20,0,6736,9,1,1112,35,0,18,1,105,20/06/07,31/01/11,"Maître de conférences à l'Université",
"Dominique Raimbourg","Loire-Atlantique 4","SRC",43,126,146,0,23872,454,378,0,74666,65,6,1420,29,1,41,2,80,20/06/07,31/01/11,"Avocat",
"Michel Raison","Haute-Saône 3","UMP",43,152,348,0,32509,875,511,0,56079,52,11,535,204,0,125,8,278,20/06/07,31/01/11,"Agriculteur",
"Éric Raoult","Seine-Saint-Denis 12","UMP",43,102,73,0,14696,712,133,0,24179,24,8,42,8,1,119,8,1509,20/06/07,31/01/11,"Assistant parlementaire du groupe RPR",
"Frédéric Reiss","Bas-Rhin 8","UMP",43,142,67,0,23190,145,117,0,20851,37,7,246,55,0,161,3,152,20/06/07,31/01/11,"Agrégé de mathématiques",
"Jean-Luc Reitzer","Haut-Rhin 3","UMP",43,80,24,0,6606,37,22,0,3993,11,6,67,5,0,136,2,123,20/06/07,31/01/11,"Cadre d'entreprise chargé des relations sociales",
"Jacques Remiller","Isère 8","UMP",43,192,131,2,19770,140,78,0,20856,33,10,1079,133,14,348,10,1039,20/06/07,31/01/11,"Cadre bancaire retraité",
"Simon Renucci","Corse-du-Sud 1","SRC",43,82,42,0,4962,46,36,0,13247,15,3,1327,90,0,11,0,196,20/06/07,31/01/11,"Pédiatre",
"Marie-Line Reynaud","Charente 2","SRC",43,153,36,0,4176,87,72,0,18369,22,6,899,30,0,35,0,420,20/06/07,31/01/11,"Conseillère technique au centre d'information des droits de la femme",
"Bernard Reynès","Bouches-du-Rhône 15","UMP",43,102,79,0,7279,89,73,0,14903,24,5,141,35,3,66,2,56,20/06/07,31/01/11,"Dentiste",
"Franck Reynier","Drôme 2","UMP",43,124,45,0,8861,31,17,0,4597,10,8,90,19,0,45,1,263,20/06/07,31/01/11,"Informaticien",
"Arnaud Richard","Yvelines 7","UMP",8,56,5,0,1116,20,18,0,3080,7,2,23,7,0,2,0,47,05/06/10,31/01/11,"Responsable de relations institutionnelles",
"Franck Riester","Seine-et-Marne 5","UMP",43,110,245,0,17434,1303,655,0,70594,50,5,171,98,0,33,7,22,20/06/07,31/01/11,"Chef d'entreprise",
"Jean Roatta","Bouches-du-Rhône 3","UMP",43,123,35,1,12452,84,5,0,2921,5,3,144,27,1,140,4,26,20/06/07,31/01/11,,
"Didier Robert","Réunion 3","UMP",41,7,11,0,755,17,13,0,7255,9,2,43,4,1,27,0,178,20/06/07,13/11/10,"Cadre administratif (collaborateur de cabinet)",
"Arnaud Robinet","Marne 1","UMP",26,97,70,0,10736,118,72,0,13467,23,7,94,20,2,21,3,42,15/12/08,31/01/11,"Enseignant - Chercheur - Praticien hospitalier",
"Chantal Robin-Rodrigo","Hautes-Pyrénées 2","SRC",43,95,26,0,3102,189,94,0,18935,27,13,2255,130,1,43,0,310,20/06/07,31/01/11,"Directeur départemental crédit immobilier",
"Camille de Rocca Serra","Corse-du-Sud 2","UMP",43,109,12,0,4892,87,41,0,11070,10,3,52,12,0,21,5,10,20/06/07,31/01/11,,
"François Rochebloine","Loire 3","NC",43,170,177,2,30715,1297,477,0,127882,109,34,38,12,4,31,6,122,20/06/07,31/01/11,"Directeur commercial",
"Alain Rodet","Haute-Vienne 4","SRC",43,106,79,10,6473,47,41,0,9634,19,5,952,47,0,24,0,114,20/06/07,31/01/11,"Économiste",
"Marcel Rogemont","Ille-et-Vilaine 3","SRC",43,171,347,0,39364,3212,1063,0,178099,125,8,1997,154,0,28,2,109,20/06/07,31/01/11,"Cadre",
"Marie-Josée Roig","Vaucluse 1","UMP",43,36,9,0,1447,48,8,0,3918,5,2,10,2,3,68,0,206,20/06/07,31/01/11,"Professeur de lettres",
"Jean-Marie Rolland","Yonne 2","UMP",43,123,435,1,25941,1026,685,0,66193,42,6,387,256,0,28,4,44,20/06/07,31/01/11,"Médecin généraliste",
"Bernard Roman","Nord 1","SRC",43,65,71,0,11316,789,174,0,32406,28,4,1023,44,1,32,1,57,20/06/07,31/01/11,"Avocat, administrateur territorial",
"Valérie Rosso-Debord","Meurthe-et-Moselle 3","UMP",43,161,140,0,38282,722,181,0,34956,58,12,229,54,2,72,12,256,20/06/07,31/01/11,"Juriste d'entreprise",
"Jean-Marc Roubaud","Gard 3","UMP",43,184,132,41,17815,355,30,0,6821,18,11,275,46,10,182,5,686,20/06/07,31/01/11,"Pharmacien",
"René Rouquet","Val-de-Marne 9","SRC",43,37,7,0,409,19,12,0,3294,8,5,339,4,0,35,0,205,20/06/07,31/01/11,"Électromécanicien",
"Alain Rousset","Gironde 7","SRC",43,59,24,0,7054,147,125,0,27472,23,7,874,31,0,23,1,160,20/06/07,31/01/11,"Cadre supérieur (secteur privé)",
"Max Roustan","Gard 4","UMP",43,27,14,0,1612,40,23,0,5207,8,2,110,3,4,59,1,46,20/06/07,31/01/11,"Professeur d'enseignement technique",
"Patrick Roy","Nord 19","SRC",43,108,167,3,25019,4247,991,0,139924,253,13,2575,89,0,36,0,962,20/06/07,31/01/11,"Enseignant",
"François de Rugy","Loire-Atlantique 1","GDR",43,47,45,0,13026,1590,1127,0,265697,176,30,1662,46,11,26,2,109,20/06/07,31/01/11,"Assistant parlementaire",
"Martial Saddier","Haute-Savoie 3","UMP",43,108,151,0,18188,144,92,0,21385,26,1,258,97,0,17,6,29,20/06/07,31/01/11,"Cadre à la Chambre d'agriculture d'Annecy",
"Michel Sainte-Marie","Gironde 6","SRC",43,79,4,0,2838,4,4,0,2611,4,2,307,5,0,33,2,165,20/06/07,31/01/11,"Retraité",
"Francis Saint-Léger","Lozère 1","UMP",43,148,51,0,6104,41,37,0,9741,20,10,109,15,6,333,0,1413,20/06/07,31/01/11,"Ingénieur",
"Rudy Salles","Alpes-Maritimes 3","NC",43,62,28,0,3780,10757,2435,10691,207108,118,8,114,15,3,39,1,409,20/06/07,31/01/11,"Avocat",
"Françoise De Salvador","Essonne 9","UMP",9,27,0,0,0,2,0,0,17,0,0,16,1,0,25,0,18,23/04/10,31/01/11,"Contractuelle de la fonction publique territoriale",
"Bruno Sandras","Polynésie Française 2","UMP",43,23,3,0,93,38,30,0,9494,8,0,79,16,1,198,0,11,20/06/07,31/01/11,"Permanent politique",
"Jean-Claude Sandrier","Cher 2","GDR",43,54,66,4,8136,976,514,0,141535,118,13,3284,97,2,91,1,52,20/06/07,31/01/11,"Chimiste",
"André Santini","Hauts-de-Seine 10","NC",19,32,8,0,1433,0,0,0,0,0,0,1,1,0,1,0,4,"20/06/07","31/01/11","Maître de conférences à l'Université","mandat discontinu"
"Michel Sapin","Indre 1","SRC",43,91,25,0,3162,461,124,0,25710,21,4,1193,50,0,23,1,44,20/06/07,31/01/11,"Conseiller de tribunal administratif",
"Joël Sarlot","Vendée 5","UMP",8,2,0,0,0,0,0,0,0,0,0,1,0,0,8,0,5,20/06/07,07/02/08,"Vétérinaire",
"Odile Saugues","Puy-de-Dôme 1","SRC",43,133,64,0,20689,18,11,0,5618,6,2,362,5,0,35,9,39,20/06/07,31/01/11,"Retraitée",
"François Sauvadet","Côte-d'Or 4","NC",43,6,7,0,1732,746,409,0,81371,65,14,294,49,3,9,6,163,20/06/07,31/01/11,"Journaliste",
"François Scellier","Val-d'Oise 6","UMP",43,285,144,1,16229,230,147,0,17195,39,2,263,67,1,80,6,7,20/06/07,31/01/11,"Directeur divisionnaire des impôts honoraire",
"André Schneider","Bas-Rhin 3","UMP",43,197,169,2,32594,275,97,0,21212,31,7,125,26,0,120,11,256,20/06/07,31/01/11,"Principal de collège en retraite",
"Jean-Pierre Schosteck","Hauts-de-Seine 12","UMP",36,112,32,0,2171,126,32,0,9893,13,1,173,39,2,74,1,26,04/02/08,31/01/11,,
"Jean-Marie Sermier","Jura 3","UMP",43,104,61,0,9804,44,33,0,6596,8,3,37,7,2,126,1,105,20/06/07,31/01/11,"Viticulteur",
"Georges Siffredi","Hauts-de-Seine 13","UMP",23,50,2,0,267,19,11,0,2351,5,3,11,5,0,18,0,0,05/01/09,14/12/10,"Directeur de société",
"Fernand Siré","Pyrénées-Orientales 2","UMP",10,56,28,0,3868,6,5,0,1280,3,2,174,20,0,28,0,22,01/04/10,31/01/11,"Médecin retraité",
"Christophe Sirugue","Saône-et-Loire 5","SRC",43,89,87,0,18256,553,318,0,63746,55,12,1012,70,0,37,2,158,20/06/07,31/01/11,"Cadre supérieur (secteur privé)",
"Jean-Pierre Soisson","Yonne 1","UMP",43,53,52,0,3849,591,232,0,23760,59,3,11,5,1,24,0,7,20/06/07,31/01/11,"Conseiller référendaire à la Cour des comptes",
"Michel Sordi","Haut-Rhin 7","UMP",43,54,7,0,2763,6,6,0,2557,4,2,107,13,0,137,1,177,20/06/07,31/01/11,"Cadre d'entreprise",
"Dominique Souchet","Vendée 5","NI",34,112,74,0,6457,66,65,0,27454,24,4,234,34,1,34,1,76,13/04/08,31/01/11,"Conseiller des affaires étrangères hors classe (en détachement)",
"Daniel Spagnou","Alpes-de-Haute-Provence 2","UMP",43,92,23,0,2927,45,20,0,5394,11,7,521,69,0,247,0,68,20/06/07,31/01/11,"Directeur de caisse d'épargne retraité",
"Éric Straumann","Haut-Rhin 1","UMP",43,105,14,0,3537,71,35,0,8331,15,7,409,72,5,184,2,264,20/06/07,31/01/11,"Professeur agrégé",
"Dominique Strauss-Kahn","Val-d'Oise 8","SRC",4,0,0,0,0,0,0,0,0,0,0,0,0,0,1,0,0,20/06/07,19/10/07,"Professeur d'Université",
"Alain Suguenot","Côte-d'Or 5","UMP",43,70,57,0,7305,66,54,0,12649,22,9,367,49,8,79,0,288,20/06/07,31/01/11,"Avocat",
"Michèle Tabarot","Alpes-Maritimes 9","UMP",43,168,296,275,33794,231,117,0,17602,17,2,24,6,0,40,3,85,20/06/07,31/01/11,"Chef d'entreprise",
"Lionel Tardy","Haute-Savoie 2","UMP",43,252,289,0,35210,1362,850,0,143501,170,7,810,91,2,119,0,498,20/06/07,31/01/11,"Gérant d'entreprise",
"Christiane Taubira","Guyane 1","SRC",43,50,72,0,12889,420,236,0,62528,53,9,1008,67,0,19,4,55,20/06/07,31/01/11,"Économiste",
"Jean-Charles Taugourdeau","Maine-et-Loire 3","UMP",43,116,85,0,8821,350,77,0,12513,22,2,90,8,2,90,1,151,20/06/07,31/01/11,"Chef d'entreprise",
"Guy Teissier","Bouches-du-Rhône 6","UMP",43,171,630,625,92466,310,159,0,28509,28,7,99,26,16,214,2,132,20/06/07,31/01/11,"Administrateur de biens",
"Pascal Terrasse","Ardèche 1","SRC",43,82,108,0,16203,744,178,0,43577,35,4,1179,42,0,35,2,366,20/06/07,31/01/11,"Directeur de maison de retraite",
"Michel Terrot","Rhône 12","UMP",43,195,98,0,14409,58,16,0,4404,10,6,145,26,0,111,3,143,20/06/07,31/01/11,"Avocat",
"Jean-Claude Thomas","Marne 3","UMP",43,14,29,18,7597,2,1,0,172,1,0,7,2,0,6,0,62,20/06/07,31/01/11,"Docteur en chirurgie dentaire",
"Marie-Hélène Thoraval","Drôme 4","UMP",1,4,1,0,30,1,1,0,211,1,1,0,0,0,0,0,0,29/12/10,31/01/11,"Responsable marketing",
"Dominique Tian","Bouches-du-Rhône 2","UMP",43,160,502,0,35503,1052,557,0,61168,92,11,780,229,0,75,5,194,20/06/07,31/01/11,"Gérant de sociétés",
"Jean Tiberi","Paris 2","UMP",43,164,8,0,2797,10,6,0,784,3,3,48,18,0,38,1,56,20/06/07,31/01/11,"Magistrat",
"Jean-Louis Touraine","Rhône 3","SRC",43,89,42,0,7376,110,96,0,14202,14,6,758,72,1,16,1,57,20/06/07,31/01/11,"Professeur de médecine",
"Marisol Touraine","Indre-et-Loire 3","SRC",43,108,234,0,35492,1582,1134,0,196932,129,12,2173,112,0,30,1,83,20/06/07,31/01/11,"Conseillère d'Etat",
"Philippe Tourtelier","Ille-et-Vilaine 2","SRC",43,212,375,0,45118,605,385,0,61719,49,1,2196,127,0,38,5,145,20/06/07,31/01/11,"Professeur retraité",
"Alfred Trassy-Paillogues","Seine-Maritime 10","UMP",43,92,48,0,6571,26,22,0,3693,10,3,51,12,0,70,4,94,20/06/07,31/01/11,"Ingénieur",
"Georges Tron","Essonne 9","UMP",34,96,362,322,35395,83,50,0,19411,16,2,39,8,4,28,4,142,20/06/07,23/04/10,"Agent public des collectivités locales",
"Jean Ueberschlag","Haut-Rhin 4","UMP",43,60,28,0,3689,33,19,0,2243,6,0,28,9,1,82,1,49,20/06/07,31/01/11,"Chirurgien-dentiste retraité",
"Jean-Jacques Urvoas","Finistère 1","SRC",43,146,480,0,68814,1516,916,0,190335,121,12,2185,73,0,42,3,780,20/06/07,31/01/11,"Maître de conférences",
"Daniel Vaillant","Paris 19","SRC",43,77,18,0,3488,70,8,0,1732,3,3,523,10,0,31,0,3,20/06/07,31/01/11,"Technicien biologiste",
"Jacques Valax","Tarn 1","SRC",43,128,48,0,5588,426,318,0,55935,60,11,1552,26,0,22,1,314,20/06/07,31/01/11,"Avocat",
"Françoise Vallet","Eure-et-Loir 1","SRC",5,5,0,0,0,12,11,0,3108,3,1,21,1,0,4,0,7,04/02/08,26/06/08,"Retraitée de l'Education nationale",
"André Vallini","Isère 9","SRC",43,85,71,0,8658,105,71,0,15138,14,3,550,23,0,21,2,181,20/06/07,31/01/11,"Avocat",
"Manuel Valls","Essonne 1","SRC",43,87,59,0,13310,692,267,0,46286,39,4,1093,28,0,31,1,69,20/06/07,31/01/11,"Conseiller en communication",
"Marc Vampa","Eure 3","NC",41,66,2,0,1396,71,61,0,12847,24,9,5,4,0,9,1,69,20/07/07,14/12/10,"Informaticien retraité",
"Yves Vandewalle","Yvelines 2","UMP",42,105,43,0,5906,166,110,0,24845,54,5,181,26,2,60,1,36,20/07/07,31/01/11,"Professeur agrégé de géographie",
"Christian Vanneste","Nord 10","UMP",43,134,162,0,24476,683,339,0,65179,73,11,408,49,18,126,1,819,20/06/07,31/01/11,"Professeur de philosophie",
"François Vannson","Vosges 3","UMP",43,85,44,0,4630,88,55,0,12302,23,9,170,15,15,96,1,481,20/06/07,31/01/11,"Opticien",
"Isabelle Vasseur","Aisne 5","UMP",43,145,34,0,4898,466,196,0,37100,43,9,225,78,0,146,4,227,20/06/07,31/01/11,"Infirmière",
"Catherine Vautrin","Marne 2","UMP",43,107,211,14,30971,15553,3118,14940,287575,183,12,294,132,2,48,6,86,20/06/07,31/01/11,"Directeur marketing",
"Michel Vauzelle","Bouches-du-Rhône 16","SRC",43,80,53,0,13277,104,69,0,15231,19,6,567,15,1,23,5,232,20/06/07,31/01/11,"Préfet",
"Michel Vaxès","Bouches-du-Rhône 13","GDR",43,61,66,0,15144,551,419,0,120306,80,10,3183,89,2,88,0,21,20/06/07,31/01/11,"Conseiller d'orientation-psychologue",
"Francis Vercamer","Nord 7","NC",43,86,112,0,28605,688,532,0,114112,85,7,212,69,0,15,2,16,20/06/07,31/01/11,"Ingénieur",
"Patrice Verchère","Rhône 8","UMP",43,118,34,0,3075,151,85,0,21871,40,8,203,34,2,169,0,322,20/06/07,31/01/11,"Assistant parlementaire",
"Michel Vergnier","Creuse 1","SRC",43,134,24,0,4494,603,147,0,30661,39,8,1520,90,1,41,3,181,20/06/07,31/01/11,"Directeur d'école retraité",
"André Vézinhet","Hérault 2","SRC",43,43,17,0,2471,11,7,0,1709,4,2,446,13,0,34,0,158,20/06/07,31/01/11,"Directeur de recherche (retraité)",
"Jean-Sébastien Vialatte","Var 7","UMP",43,88,49,0,8285,27,15,0,7573,10,6,108,23,2,127,4,124,20/06/07,31/01/11,"Biologiste",
"René-Paul Victoria","Réunion 1","UMP",43,40,16,0,1903,83,74,0,19387,28,10,162,36,1,78,0,289,20/06/07,31/01/11,"Directeur d'école",
"Alain Vidalies","Landes 1","SRC",43,99,209,0,35502,1758,1119,0,211742,119,22,2486,53,0,45,2,108,20/06/07,31/01/11,"Avocat",
"Philippe Vigier","Eure-et-Loir 4","NC",43,140,148,0,18132,664,399,0,101164,104,35,693,82,1,53,5,99,20/06/07,31/01/11,"Médecin",
"François-Xavier Villain","Nord 18","NI",43,8,0,0,0,0,0,0,0,0,0,118,19,1,15,0,136,20/06/07,31/01/11,"Avocat",
"Jean-Michel Villaumé","Haute-Saône 2","SRC",43,93,22,0,1743,59,48,0,10687,17,11,1454,65,0,33,0,44,20/06/07,31/01/11,"Retraité de l'enseignement",
"Jean-Claude Viollet","Charente 1","SRC",43,172,183,2,69587,125,72,0,28579,30,1,691,28,0,21,6,98,20/06/07,31/01/11,"Assistant technique des travaux publics de l'Etat",
"Philippe Vitel","Var 2","UMP",43,122,66,20,16152,641,192,0,39253,55,13,274,47,3,145,0,161,20/06/07,31/01/11,"Chirurgien plasticien",
"Gérard Voisin","Saône-et-Loire 1","UMP",43,242,158,1,43064,66,30,0,9883,13,4,49,6,1,76,17,65,20/06/07,31/01/11,"Garagiste",
"Michel Voisin","Ain 4","UMP",43,151,141,37,14796,115,47,0,12694,13,3,271,39,1,264,5,211,20/06/07,31/01/11,"Expert comptable, commissaire aux comptes et expert-judiciaire ",
"Philippe Vuilque","Ardennes 2","SRC",43,131,125,0,12965,337,136,0,24536,26,7,702,18,1,10,2,438,20/06/07,31/01/11,"Directeur de clinique",
"Jean-Luc Warsmann","Ardennes 3","UMP",43,286,1313,869,94189,3092,1318,0,179936,134,4,286,223,40,5,18,1307,20/06/07,31/01/11,"Sans profession",
"Laurent Wauquiez","Haute-Loire 1","UMP",1,0,0,0,0,0,0,0,0,0,0,0,0,0,0,0,0,20/06/07,19/07/07,,
"Éric Woerth","Oise 4","UMP",2,6,0,0,0,1,0,0,3,0,0,0,0,0,0,0,0,14/12/10,31/01/11,"Associé dans un cabinet d'audit international",
"André Wojciechowski","Moselle 7","UMP",43,54,2,0,157,369,38,0,10429,20,8,365,29,47,241,0,1388,20/06/07,31/01/11,"Employé (secteur privé)",
"Gaël Yanno","Nouvelle-Calédonie 1","UMP",43,119,324,0,23597,363,244,0,39362,31,7,121,71,1,21,4,29,20/06/07,31/01/11,"Commissaire aux comptes",
"Marie-Jo Zimmermann","Moselle 3","UMP",43,159,897,841,41290,256,130,0,27031,31,5,92,30,34,61,7,1920,20/06/07,31/01/11,"Professeur certifié",
"Michel Zumkeller","Territoire-de-Belfort 2","UMP",43,71,9,0,2908,12,10,0,3372,9,6,190,38,12,96,1,604,20/06/07,31/01/11,"Comptable",
